target,lag_sec,pair_weighted_delta_r2,pair_weighted_delta_mse,round_equal_delta_r2,round_equal_delta_mse,round_equal_t_stat,gate_100ms_delta_r2,gate_250ms_delta_r2,gate_500ms_delta_r2,gate_consistency_verdict
delta_q,1,0.00495,-4e-06,0.00689,-6e-06,1.77,0.00424,0.00493,0.00495,CONSISTENT
delta_q,2,0.00667,-1.1e-05,0.01233,-1.8e-05,4.54,0.00232,0.00625,0.00667,CONSISTENT
delta_q,3,0.00381,-1e-05,0.00377,-8e-06,1.16,0.004,0.00352,0.00381,CONSISTENT
delta_q,5,0.00295,-1.3e-05,0.00093,-3e-06,0.44,0.00239,0.00302,0.00295,CONSISTENT
delta_q,10,0.00245,-2.2e-05,0.00027,-2e-06,0.09,0.00096,0.00228,0.00245,CONSISTENT
delta_q,15,0.00164,-2.2e-05,-0.00893,8.1e-05,-1.16,0.00202,0.00204,0.00164,CONSISTENT
delta_q,30,-0.0035,8.8e-05,-0.00778,0.000133,-1.97,-0.00409,-0.00365,-0.0035,CONSISTENT
delta_logit,1,0.00332,-0.000154,0.00323,-0.000157,1.06,0.00255,0.00333,0.00332,CONSISTENT
delta_logit,2,0.00612,-0.000577,0.01089,-0.000999,4.7,0.00248,0.00563,0.00612,CONSISTENT
delta_logit,3,0.00353,-0.000476,0.00641,-0.000686,1.92,0.00395,0.00335,0.00353,CONSISTENT
delta_logit,5,0.00241,-0.000562,0.00208,-0.000414,1.12,0.00198,0.00233,0.00241,CONSISTENT
delta_logit,10,0.00025,-0.000127,0.00137,-0.000564,0.41,-0.00298,-0.00043,0.00025,SENSITIVE_TO_GATE
delta_logit,15,-0.00779,0.006277,0.00606,-0.003377,0.96,0.00179,-0.00098,-0.00779,SENSITIVE_TO_GATE
delta_logit,30,-0.00484,0.008297,0.00359,-0.00392,0.99,-0.00675,-0.00566,-0.00484,CONSISTENT
