target,lag_sec,n_pairs,n_rounds,b0_r2_cv,b1_r2_cv,delta_r2_cv,b0_mse_cv,b1_mse_cv,delta_mse_cv,delta_mse_rel_pct,round_cluster_mean_diff,round_cluster_se,round_cluster_t_stat,p_value_unadjusted,round_win_rate_pct,bootstrap_ci_95_low,bootstrap_ci_95_high,bootstrap_p_val,direction_acc_nonzero_b0_pct,direction_acc_nonzero_b1_pct,delta_direction_acc_pct,top_binance_feature_by_abs_coef,top_binance_feature_coef,p_value_holm,incremental_signal_verdict
delta_q,1,20163,101,0.00086,0.00581,0.00495,0.000866,0.000862,-4e-06,-0.496,6e-06,3e-06,1.77,0.07661,59.41,-9e-06,1e-06,0.0625,50.85,54.51,3.66,binance_microprice_offset_bps,0.006822,0.38305,MARGINAL_SIGNAL
delta_q,2,30979,322,0.00022,0.0069,0.00667,0.00169,0.001679,-1.1e-05,-0.668,1.8e-05,4e-06,4.54,1e-05,56.21,-1.8e-05,-6e-06,0.0,48.23,53.25,5.02,binance_microprice_offset_bps,0.009906,7e-05,ROBUST_SIGNAL
delta_q,3,26648,451,-0.00095,0.00286,0.00381,0.00266,0.00265,-1e-05,-0.38,8e-06,7e-06,1.16,0.24557,50.33,-1.7e-05,-4e-06,0.0,45.43,50.47,5.04,binance_microprice_offset_bps,0.003586,0.97936,MARGINAL_SIGNAL
delta_q,5,33765,463,-0.0008,0.00215,0.00295,0.004256,0.004244,-1.3e-05,-0.295,3e-06,7e-06,0.44,0.65716,50.11,-2.3e-05,-3e-06,0.0045,44.36,50.17,5.81,binance_microprice_offset_bps,0.00349,1.0,UNSUPPORTED
delta_q,10,30008,487,-0.0005,0.00194,0.00245,0.008852,0.00883,-2.2e-05,-0.245,2e-06,2.2e-05,0.09,0.93132,42.51,-5.6e-05,1e-05,0.093,41.36,47.4,6.04,binance_microprice_offset_bps,0.009003,1.0,UNSUPPORTED
delta_q,15,24469,461,-0.00078,0.00087,0.00164,0.013689,0.013666,-2.2e-05,-0.164,-8.1e-05,7e-05,-1.16,0.24484,43.38,-0.000111,7.1e-05,0.32,40.98,46.89,5.91,binance_microprice_offset_bps,0.030173,0.97936,UNSUPPORTED
delta_q,30,26756,474,-0.00171,-0.00521,-0.0035,0.025262,0.02535,8.8e-05,0.349,-0.000133,6.7e-05,-1.97,0.0487,40.08,-9.6e-05,0.00031,0.8035,40.64,45.55,4.91,binance_microprice_offset_bps,0.012513,0.2922,DEGRADED_SIGNAL
delta_logit,1,20163,101,0.00534,0.00866,0.00332,0.046093,0.045939,-0.000154,-0.334,0.000157,0.000148,1.06,0.28747,63.37,-0.000382,0.000129,0.136,56.51,57.73,1.22,binance_microprice_offset_bps,0.045848,1.0,MARGINAL_SIGNAL
delta_logit,2,30979,322,0.00914,0.01526,0.00612,0.093383,0.092806,-0.000577,-0.618,0.000999,0.000213,4.7,0.0,59.63,-0.000899,-0.000287,0.0,56.69,57.51,0.82,binance_microprice_offset_bps,0.070998,0.0,ROBUST_SIGNAL
delta_logit,3,26648,451,0.01155,0.01507,0.00353,0.133501,0.133025,-0.000476,-0.357,0.000686,0.000357,1.92,0.05434,53.88,-0.000809,-0.000162,0.0015,57.26,57.55,0.29,binance_top1_depth_imbalance,-0.033737,0.32604,MARGINAL_SIGNAL
delta_logit,5,33765,463,0.02102,0.02344,0.00241,0.228309,0.227747,-0.000562,-0.246,0.000414,0.00037,1.12,0.26346,54.21,-0.001065,-3e-05,0.02,58.84,59.31,0.47,binance_top20_depth_imbalance,0.018985,1.0,MARGINAL_SIGNAL
delta_logit,10,30008,487,0.03538,0.03563,0.00025,0.48318,0.483054,-0.000127,-0.026,0.000564,0.001365,0.41,0.67922,50.31,-0.001935,0.001632,0.4395,60.83,61.04,0.21,binance_microprice_offset_bps,0.063254,1.0,UNSUPPORTED
delta_logit,15,24469,461,0.04709,0.0393,-0.00779,0.767958,0.774236,0.006277,0.817,0.003377,0.003501,0.96,0.33476,50.11,-0.003047,0.022961,0.81,62.14,62.08,-0.06,binance_microprice_offset_bps,0.290187,1.0,UNSUPPORTED
delta_logit,30,26756,474,0.08413,0.0793,-0.00484,1.57048,1.578777,0.008297,0.528,0.00392,0.003952,0.99,0.3212,54.22,-0.00197,0.020503,0.9315,64.28,64.61,0.33,binance_top5_depth_imbalance,-0.169526,1.0,UNSUPPORTED
