target,lag_sec,sessions_1_to_3_delta_r2,sessions_1_to_3_n_pairs,sessions_4_to_6_delta_r2,sessions_4_to_6_n_pairs,early_block_delta_r2,mid_block_delta_r2,late_block_delta_r2,drift_binance_max_normalized,drift_poly_max_normalized,temporal_stability_verdict
delta_q,1,0.00477,20024,-0.77537,139,0.00475,-27.15006,-2.41332,2.104,1.355,SESSION_DEGRADATION
delta_q,2,0.00496,26295,0.0162,4684,0.0041,0.02082,1.03745,0.994,2.387,STABLE_ACROSS_SESSIONS
delta_q,3,0.0033,23605,-0.00593,3043,0.00316,-0.00466,-0.01551,1.057,0.132,SESSION_DEGRADATION
delta_q,5,0.00273,28047,0.0003,5718,0.00267,-0.01,-0.00036,0.957,0.103,STABLE_ACROSS_SESSIONS
delta_q,10,0.00216,24644,0.00134,5364,0.00234,-0.19771,-0.04716,1.042,0.134,STABLE_ACROSS_SESSIONS
delta_q,15,0.00188,22234,0.0018,2235,0.0019,0.02016,-0.02657,1.526,0.098,STABLE_ACROSS_SESSIONS
delta_q,30,-0.0077,20455,-0.00046,6301,-0.00821,-0.00681,-0.01722,2.175,0.063,UNSTABLE
delta_logit,1,0.00337,20024,-2.5138,139,0.00334,-29.87446,-4.13605,2.104,1.355,SESSION_DEGRADATION
delta_logit,2,0.00528,26295,0.00395,4684,0.00443,0.0084,-0.14141,0.994,2.387,STABLE_ACROSS_SESSIONS
delta_logit,3,0.00286,23605,-0.00394,3043,0.00257,0.00328,0.0006,1.057,0.132,SESSION_DEGRADATION
delta_logit,5,0.00224,28047,-0.00152,5718,0.00175,0.00497,-0.00469,0.957,0.103,SESSION_DEGRADATION
delta_logit,10,-0.00235,24644,0.00263,5364,-0.0004,-0.269,-0.20236,1.042,0.134,UNSTABLE
delta_logit,15,-0.00987,22234,0.00873,2235,-0.00235,0.02312,0.0001,1.526,0.098,UNSTABLE
delta_logit,30,-0.00861,20455,0.00194,6301,-0.00859,-0.01677,-0.00528,2.175,0.063,UNSTABLE
