round_number,round_slug,start_epoch,end_epoch,status,sample_count,valid_sample_count,stale_count,stale_rate,first_sample_ts_ms,last_sample_ts_ms,observed_sample_span_sec,binance_ts_coverage,poly_ts_coverage,taker_flow_1s_cov,taker_flow_2s_cov,taker_flow_3s_cov,taker_flow_5s_cov,taker_flow_10s_cov,taker_flow_30s_cov,taker_flow_60s_cov,rest_fallback_count,started_mid_round,ended_mid_round,intersects_restart,is_truncated
1,btc-updown-5m-1790630100,1790630100,1790630400,COMPLETED,265,264,1,0.0038,1790630135114,1790630399018,263.9,0.9962,0.9962,0.8258,0.9621,0.9848,0.9773,0.9583,0.8826,0.7689,0,True,False,True,False
2,btc-updown-5m-1790630400,1790630400,1790630700,COMPLETED,300,294,3,0.01,1790630400052,1790630699028,298.98,1.0,1.0,0.7619,0.9558,1.0,1.0,1.0,1.0,1.0,0,False,False,False,False
3,btc-updown-5m-1790630700,1790630700,1790631000,COMPLETED,300,293,2,0.0067,1790630700062,1790630999039,298.98,1.0,1.0,0.7372,0.9249,0.9693,0.9932,1.0,1.0,1.0,0,False,False,False,False
4,btc-updown-5m-1790631000,1790631000,1790631300,COMPLETED,300,294,3,0.01,1790631000062,1790631299072,299.01,1.0,1.0,0.7891,0.9558,0.9864,1.0,1.0,1.0,1.0,0,False,False,False,False
5,btc-updown-5m-1790631300,1790631300,1790631600,COMPLETED,300,299,0,0.0,1790631300089,1790631599066,298.98,1.0,1.0,0.7425,0.9498,0.99,1.0,1.0,1.0,1.0,0,False,False,False,False
6,btc-updown-5m-1790631600,1790631600,1790631900,COMPLETED,300,299,0,0.0,1790631600099,1790631899090,298.99,1.0,1.0,0.6957,0.9298,0.9799,1.0,1.0,1.0,1.0,0,False,False,False,False
7,btc-updown-5m-1790631900,1790631900,1790632200,COMPLETED,300,294,2,0.0067,1790631900125,1790632199099,298.97,1.0,1.0,0.7381,0.932,0.9762,0.9932,1.0,1.0,1.0,0,False,False,False,False
8,btc-updown-5m-1790632200,1790632200,1790632500,COMPLETED,300,299,0,0.0,1790632200137,1790632499103,298.97,1.0,1.0,0.8127,0.9532,0.99,1.0,1.0,1.0,1.0,0,False,False,False,False
9,btc-updown-5m-1790632500,1790632500,1790632800,COMPLETED,300,299,0,0.0,1790632500136,1790632799109,298.97,1.0,1.0,0.8595,0.9732,1.0,1.0,1.0,1.0,1.0,0,False,False,False,False
10,btc-updown-5m-1790632800,1790632800,1790633100,COMPLETED,300,299,0,0.0,1790632800149,1790633099127,298.98,1.0,1.0,0.9799,1.0,1.0,1.0,1.0,1.0,1.0,0,False,False,False,False
11,btc-updown-5m-1790633100,1790633100,1790633400,COMPLETED,300,299,0,0.0,1790633100167,1790633399170,299.0,1.0,1.0,0.9498,0.9967,1.0,1.0,1.0,1.0,1.0,0,False,False,False,False
12,btc-updown-5m-1790633400,1790633400,1790633700,COMPLETED,300,299,0,0.0,1790633400181,1790633699148,298.97,1.0,1.0,0.8896,0.99,1.0,1.0,1.0,1.0,1.0,0,False,False,False,False
13,btc-updown-5m-1790633700,1790633700,1790634000,COMPLETED,300,298,0,0.0,1790633700205,1790633999169,298.96,1.0,1.0,0.8255,0.9799,1.0,1.0,1.0,1.0,1.0,0,False,False,False,False
14,btc-updown-5m-1790634000,1790634000,1790634300,COMPLETED,300,299,0,0.0,1790634000211,1790634299183,298.97,1.0,1.0,0.7793,0.9498,0.9799,1.0,1.0,1.0,1.0,0,False,False,False,False
15,btc-updown-5m-1790634300,1790634300,1790634600,COMPLETED,300,299,0,0.0,1790634300209,1790634599184,298.98,1.0,1.0,0.7826,0.9599,0.9866,1.0,1.0,1.0,1.0,0,False,False,False,False
16,btc-updown-5m-1790634600,1790634600,1790634900,COMPLETED,286,284,0,0.0,1790634600250,1790634899457,299.21,1.0,1.0,0.8662,0.9789,0.993,1.0,1.0,1.0,1.0,0,False,False,False,False
17,btc-updown-5m-1790634900,1790634900,1790635200,COMPLETED,287,285,0,0.0,1790634900627,1790635199567,298.94,1.0,1.0,0.9404,0.9965,1.0,1.0,1.0,1.0,1.0,0,False,False,False,False
18,btc-updown-5m-1790635200,1790635200,1790635500,COMPLETED,241,240,0,0.0,1790635200907,1790635499533,298.63,1.0,1.0,0.7667,0.9542,0.9958,1.0,1.0,1.0,1.0,0,False,False,False,False
19,btc-updown-5m-1790635500,1790635500,1790635800,COMPLETED,241,240,0,0.0,1790635500624,1790635799708,299.08,1.0,1.0,0.8292,0.975,1.0,1.0,1.0,1.0,1.0,0,False,False,False,False
20,btc-updown-5m-1790635800,1790635800,1790636100,COMPLETED,245,244,0,0.0,1790635800790,1790636099624,298.83,1.0,1.0,0.7787,0.9344,0.9754,1.0,1.0,1.0,1.0,0,False,False,False,False
21,btc-updown-5m-1790636100,1790636100,1790636400,COMPLETED,263,258,2,0.0076,1790636100755,1790636399485,298.73,1.0,1.0,0.7907,0.9651,0.9922,1.0,1.0,1.0,1.0,0,False,False,False,False
22,btc-updown-5m-1790636400,1790636400,1790636700,COMPLETED,267,266,0,0.0,1790636400523,1790636699276,298.75,1.0,1.0,0.8985,0.9887,1.0,1.0,1.0,1.0,1.0,0,False,False,False,False
23,btc-updown-5m-1790636700,1790636700,1790637000,COMPLETED,300,299,0,0.0,1790636700288,1790636999289,299.0,1.0,1.0,0.8629,0.9732,0.9933,1.0,1.0,1.0,1.0,0,False,False,False,False
24,btc-updown-5m-1790637000,1790637000,1790637300,COMPLETED,300,299,0,0.0,1790637000303,1790637299277,298.97,1.0,1.0,0.8796,0.9967,1.0,1.0,1.0,1.0,1.0,0,False,False,False,False
25,btc-updown-5m-1790637300,1790637300,1790637600,COMPLETED,300,299,0,0.0,1790637300304,1790637599283,298.98,1.0,1.0,0.8161,0.9565,0.9866,0.9967,1.0,1.0,1.0,0,False,False,False,False
26,btc-updown-5m-1790637600,1790637600,1790637900,COMPLETED,300,299,0,0.0,1790637600299,1790637899363,299.06,1.0,1.0,0.8094,0.9599,0.9933,1.0,1.0,1.0,1.0,0,False,False,False,False
27,btc-updown-5m-1790637900,1790637900,1790638200,COMPLETED,300,299,0,0.0,1790637900436,1790638199369,298.93,1.0,1.0,0.8261,0.9565,0.9866,1.0,1.0,1.0,1.0,0,False,False,False,False
28,btc-updown-5m-1790638200,1790638200,1790638500,COMPLETED,300,299,0,0.0,1790638200404,1790638499357,298.95,1.0,1.0,0.7893,0.9498,0.99,1.0,1.0,1.0,1.0,0,False,False,False,False
29,btc-updown-5m-1790638500,1790638500,1790638800,COMPLETED,300,294,3,0.01,1790638500399,1790638799351,298.95,1.0,1.0,0.6973,0.9354,0.983,1.0,1.0,1.0,1.0,0,False,False,False,False
30,btc-updown-5m-1790638800,1790638800,1790639100,COMPLETED,299,298,0,0.0,1790638800382,1790639099372,298.99,1.0,1.0,0.8221,0.9732,0.9933,1.0,1.0,1.0,1.0,0,False,False,False,False
31,btc-updown-5m-1790639100,1790639100,1790639400,COMPLETED,300,298,0,0.0,1790639100403,1790639399379,298.98,1.0,1.0,0.745,0.9262,0.9732,0.9966,1.0,1.0,1.0,0,False,False,False,False
32,btc-updown-5m-1790639400,1790639400,1790639700,COMPLETED,300,299,0,0.0,1790639400400,1790639699366,298.97,1.0,1.0,0.7358,0.9298,0.9799,1.0,1.0,1.0,1.0,0,False,False,False,False
33,btc-updown-5m-1790639700,1790639700,1790640000,COMPLETED,300,299,0,0.0,1790639700423,1790639999419,299.0,1.0,1.0,0.6355,0.8495,0.9431,0.9967,1.0,1.0,1.0,0,False,False,False,False
34,btc-updown-5m-1790640000,1790640000,1790640300,COMPLETED,300,299,0,0.0,1790640000456,1790640299429,298.97,1.0,1.0,0.8896,0.99,1.0,1.0,1.0,1.0,1.0,0,False,False,False,False
35,btc-updown-5m-1790640300,1790640300,1790640600,COMPLETED,300,299,0,0.0,1790640300446,1790640599439,298.99,1.0,1.0,0.8729,0.9933,1.0,1.0,1.0,1.0,1.0,0,False,False,False,False
36,btc-updown-5m-1790640600,1790640600,1790640900,COMPLETED,300,298,0,0.0,1790640600457,1790640899423,298.97,1.0,1.0,0.906,0.9899,1.0,1.0,1.0,1.0,1.0,0,False,False,False,False
37,btc-updown-5m-1790640900,1790640900,1790641200,COMPLETED,300,299,0,0.0,1790640900440,1790641199427,298.99,1.0,1.0,0.9298,0.99,1.0,1.0,1.0,1.0,1.0,0,False,False,False,False
38,btc-updown-5m-1790641200,1790641200,1790641500,COMPLETED,297,296,0,0.0,1790641200458,1790641499449,298.99,1.0,1.0,0.8818,0.9831,1.0,1.0,1.0,1.0,1.0,0,False,False,False,False
39,btc-updown-5m-1790641500,1790641500,1790641800,COMPLETED,300,298,0,0.0,1790641500481,1790641799443,298.96,1.0,1.0,0.8893,0.9933,1.0,1.0,1.0,1.0,1.0,0,False,False,False,False
40,btc-updown-5m-1790641800,1790641800,1790642100,COMPLETED,292,291,0,0.0,1790641800478,1790642099470,298.99,1.0,1.0,0.9347,1.0,1.0,1.0,1.0,1.0,1.0,0,False,False,False,False
41,btc-updown-5m-1790642100,1790642100,1790642400,COMPLETED,287,286,0,0.0,1790642100488,1790642399469,298.98,1.0,1.0,0.8706,0.9825,0.9965,1.0,1.0,1.0,1.0,0,False,False,False,False
42,btc-updown-5m-1790642400,1790642400,1790642700,COMPLETED,252,251,0,0.0,1790642400500,1790642699500,299.0,1.0,1.0,0.761,0.9721,1.0,1.0,1.0,1.0,1.0,0,False,False,False,False
43,btc-updown-5m-1790642700,1790642700,1790643000,COMPLETED,247,245,0,0.0,1790642700678,1790642999552,298.87,1.0,1.0,0.898,0.9837,1.0,1.0,1.0,1.0,1.0,0,False,False,False,False
44,btc-updown-5m-1790643000,1790643000,1790643300,COMPLETED,246,241,1,0.0041,1790643001684,1790643299534,297.85,1.0,1.0,0.9668,1.0,1.0,1.0,1.0,1.0,1.0,0,False,False,False,False
45,btc-updown-5m-1790643300,1790643300,1790643600,COMPLETED,245,244,0,0.0,1790643300605,1790643598560,297.95,1.0,1.0,0.9795,1.0,1.0,1.0,1.0,1.0,1.0,0,False,False,False,False
46,btc-updown-5m-1790643600,1790643600,1790643900,COMPLETED,246,242,0,0.0,1790643600581,1790643898552,297.97,1.0,1.0,0.9959,1.0,1.0,1.0,1.0,1.0,1.0,0,False,False,False,False
47,btc-updown-5m-1790643900,1790643900,1790644200,COMPLETED,247,245,0,0.0,1790643900698,1790644198577,297.88,1.0,1.0,0.9918,1.0,1.0,1.0,1.0,1.0,1.0,0,False,False,False,False
48,btc-updown-5m-1790644200,1790644200,1790644500,COMPLETED,248,247,0,0.0,1790644200613,1790644499578,298.96,1.0,1.0,0.996,1.0,1.0,1.0,1.0,1.0,1.0,0,False,False,False,False
49,btc-updown-5m-1790644500,1790644500,1790644800,COMPLETED,246,245,0,0.0,1790644501729,1790644799593,297.86,1.0,1.0,0.9959,1.0,1.0,1.0,1.0,1.0,1.0,0,False,False,False,False
50,btc-updown-5m-1790644800,1790644800,1790645100,COMPLETED,246,244,0,0.0,1790644800702,1790645098604,297.9,1.0,1.0,0.9959,1.0,1.0,1.0,1.0,1.0,1.0,0,False,False,False,False
51,btc-updown-5m-1790645100,1790645100,1790645400,COMPLETED,247,245,0,0.0,1790645100654,1790645399621,298.97,1.0,1.0,0.9918,1.0,1.0,1.0,1.0,1.0,1.0,0,False,False,False,False
52,btc-updown-5m-1790645400,1790645400,1790645700,COMPLETED,246,244,0,0.0,1790645400784,1790645699620,298.84,1.0,1.0,0.9918,1.0,1.0,1.0,1.0,1.0,1.0,0,False,False,False,False
53,btc-updown-5m-1790645700,1790645700,1790646000,COMPLETED,246,240,2,0.0081,1790645700694,1790645999631,298.94,1.0,1.0,0.9958,1.0,1.0,1.0,1.0,1.0,1.0,0,False,False,False,False
54,btc-updown-5m-1790646000,1790646000,1790646300,COMPLETED,246,241,2,0.0081,1790646000682,1790646299664,298.98,1.0,1.0,0.971,1.0,1.0,1.0,1.0,1.0,1.0,0,False,False,False,False
55,btc-updown-5m-1790646300,1790646300,1790646600,COMPLETED,246,245,0,0.0,1790646300804,1790646599676,298.87,1.0,1.0,0.9755,0.9959,1.0,1.0,1.0,1.0,1.0,0,False,False,False,False
56,btc-updown-5m-1790646600,1790646600,1790646900,COMPLETED,247,245,0,0.0,1790646600790,1790646898679,297.89,1.0,1.0,0.9469,1.0,1.0,1.0,1.0,1.0,1.0,0,False,False,False,False
57,btc-updown-5m-1790646900,1790646900,1790647200,COMPLETED,247,246,0,0.0,1790646900836,1790647199671,298.83,1.0,1.0,0.939,0.9959,1.0,1.0,1.0,1.0,1.0,0,False,False,False,False
58,btc-updown-5m-1790647200,1790647200,1790647500,COMPLETED,247,242,2,0.0081,1790647200726,1790647499690,298.96,1.0,1.0,0.9504,1.0,1.0,1.0,1.0,1.0,1.0,0,False,False,False,False
59,btc-updown-5m-1790647500,1790647500,1790647800,COMPLETED,246,244,0,0.0,1790647500740,1790647799735,299.0,1.0,1.0,0.9549,0.9959,1.0,1.0,1.0,1.0,1.0,0,False,False,False,False
60,btc-updown-5m-1790647800,1790647800,1790648100,COMPLETED,247,242,2,0.0081,1790647800757,1790648099712,298.95,1.0,1.0,0.9628,1.0,1.0,1.0,1.0,1.0,1.0,0,False,False,False,False
61,btc-updown-5m-1790648100,1790648100,1790648400,COMPLETED,246,245,0,0.0,1790648101882,1790648399717,297.83,1.0,1.0,0.9224,0.9918,1.0,1.0,1.0,1.0,1.0,0,False,False,False,False
62,btc-updown-5m-1790648400,1790648400,1790648700,COMPLETED,247,246,0,0.0,1790648400908,1790648699742,298.83,1.0,1.0,0.9756,1.0,1.0,1.0,1.0,1.0,1.0,0,False,False,False,False
63,btc-updown-5m-1790648700,1790648700,1790649000,COMPLETED,247,246,0,0.0,1790648701777,1790648999720,297.94,1.0,1.0,0.935,1.0,1.0,1.0,1.0,1.0,1.0,0,False,False,False,False
64,btc-updown-5m-1790649000,1790649000,1790649300,COMPLETED,245,244,0,0.0,1790649001933,1790649298761,296.83,1.0,1.0,0.9057,1.0,1.0,1.0,1.0,1.0,1.0,0,False,False,False,False
65,btc-updown-5m-1790649300,1790649300,1790649600,COMPLETED,247,246,0,0.0,1790649300791,1790649598760,297.97,1.0,1.0,0.9065,0.9959,1.0,1.0,1.0,1.0,1.0,0,False,False,False,False
66,btc-updown-5m-1790649600,1790649600,1790649900,COMPLETED,246,245,0,0.0,1790649600926,1790649898782,297.86,1.0,1.0,0.8612,0.9878,1.0,1.0,1.0,1.0,1.0,0,False,False,False,False
67,btc-updown-5m-1790649900,1790649900,1790650200,COMPLETED,246,245,0,0.0,1790649900930,1790650198797,297.87,1.0,1.0,0.9429,0.9959,1.0,1.0,1.0,1.0,1.0,0,False,False,False,False
68,btc-updown-5m-1790650200,1790650200,1790650500,COMPLETED,248,247,0,0.0,1790650200846,1790650499775,298.93,1.0,1.0,0.9069,0.9879,1.0,1.0,1.0,1.0,1.0,0,False,False,False,False
69,btc-updown-5m-1790650500,1790650500,1790650800,COMPLETED,244,243,0,0.0,1790650501937,1790650799800,297.86,1.0,1.0,0.8477,0.9877,1.0,1.0,1.0,1.0,1.0,0,False,False,False,False
70,btc-updown-5m-1790650800,1790650800,1790651100,COMPLETED,245,243,0,0.0,1790650800962,1790651098812,297.85,1.0,1.0,0.9465,1.0,1.0,1.0,1.0,1.0,1.0,0,False,False,False,False
71,btc-updown-5m-1790651100,1790651100,1790651400,COMPLETED,246,244,0,0.0,1790651100980,1790651398815,297.83,1.0,1.0,0.8934,0.9918,1.0,1.0,1.0,1.0,1.0,0,False,False,False,False
72,btc-updown-5m-1790651400,1790651400,1790651700,COMPLETED,245,241,1,0.0041,1790651401014,1790651699848,298.83,1.0,1.0,0.9129,0.9917,1.0,1.0,1.0,1.0,1.0,0,False,False,False,False
73,btc-updown-5m-1790651700,1790651700,1790652000,COMPLETED,244,237,2,0.0082,1790651700973,1790651998850,297.88,1.0,1.0,0.9958,1.0,1.0,1.0,1.0,1.0,1.0,0,False,False,False,False
74,btc-updown-5m-1790652000,1790652000,1790652300,COMPLETED,244,243,0,0.0,1790652000977,1790652299865,298.89,1.0,1.0,0.9671,1.0,1.0,1.0,1.0,1.0,1.0,0,False,False,False,False
75,btc-updown-5m-1790652300,1790652300,1790652600,COMPLETED,244,243,0,0.0,1790652300887,1790652599837,298.95,1.0,1.0,0.9753,1.0,1.0,1.0,1.0,1.0,1.0,0,False,False,False,False
76,btc-updown-5m-1790652600,1790652600,1790652900,COMPLETED,239,235,2,0.0084,1790652601025,1790652899878,298.85,1.0,1.0,0.9489,0.9957,1.0,1.0,1.0,1.0,1.0,0,False,False,False,False
77,btc-updown-5m-1790652900,1790652900,1790653200,COMPLETED,241,240,0,0.0,1790652900973,1790653198852,297.88,1.0,1.0,0.9,0.9875,1.0,1.0,1.0,1.0,1.0,0,False,False,False,False
78,btc-updown-5m-1790653200,1790653200,1790653500,COMPLETED,214,212,0,0.0,1790653200936,1790653499861,298.93,1.0,1.0,0.8915,0.9953,1.0,1.0,1.0,1.0,1.0,0,False,False,False,False
79,btc-updown-5m-1790653500,1790653500,1790653800,COMPLETED,235,230,2,0.0085,1790653500955,1790653798926,297.97,1.0,1.0,0.8391,0.9826,1.0,1.0,1.0,1.0,1.0,0,False,False,False,False
80,btc-updown-5m-1790653800,1790653800,1790654100,COMPLETED,230,229,0,0.0,1790653801096,1790654098934,297.84,1.0,1.0,0.8472,0.9825,1.0,1.0,1.0,1.0,1.0,0,False,False,False,False
81,btc-updown-5m-1790654100,1790654100,1790654400,COMPLETED,241,240,0,0.0,1790654100932,1790654399926,298.99,1.0,1.0,0.875,0.9875,1.0,1.0,1.0,1.0,1.0,0,False,False,False,False
82,btc-updown-5m-1790654400,1790654400,1790654700,COMPLETED,225,224,0,0.0,1790654400936,1790654699137,298.2,1.0,1.0,0.9286,0.9866,0.9955,1.0,1.0,1.0,1.0,0,False,False,False,False
83,btc-updown-5m-1790654700,1790654700,1790655000,COMPLETED,222,220,0,0.0,1790654701968,1790654998970,297.0,1.0,1.0,0.8864,0.9818,1.0,1.0,1.0,1.0,1.0,0,False,False,False,False
84,btc-updown-5m-1790655000,1790655000,1790655300,COMPLETED,230,226,1,0.0043,1790655001127,1790655298951,297.82,1.0,1.0,0.9248,0.9867,0.9956,1.0,1.0,1.0,1.0,0,False,False,False,False
85,btc-updown-5m-1790655300,1790655300,1790655600,COMPLETED,219,218,0,0.0,1790655300179,1790655598047,297.87,1.0,1.0,0.9266,1.0,1.0,1.0,1.0,1.0,1.0,0,False,False,False,False
86,btc-updown-5m-1790655600,1790655600,1790655900,COMPLETED,222,221,0,0.0,1790655601044,1790655898957,297.91,1.0,1.0,0.9276,1.0,1.0,1.0,1.0,1.0,1.0,0,False,False,False,False
87,btc-updown-5m-1790655900,1790655900,1790656200,COMPLETED,207,206,0,0.0,1790655901181,1790656199959,298.78,1.0,1.0,0.8689,0.9903,1.0,1.0,1.0,1.0,1.0,0,False,False,False,False
88,btc-updown-5m-1790656200,1790656200,1790656500,COMPLETED,178,177,0,0.0,1790656201033,1790656499005,297.97,1.0,1.0,0.8588,0.9831,0.9944,1.0,1.0,1.0,1.0,0,False,False,False,False
89,btc-updown-5m-1790656500,1790656500,1790656800,COMPLETED,159,158,0,0.0,1790656501229,1790656798950,297.72,1.0,1.0,0.8608,0.9937,1.0,1.0,1.0,1.0,1.0,0,False,False,False,False
90,btc-updown-5m-1790656800,1790656800,1790657100,COMPLETED,145,144,0,0.0,1790656800224,1790657098205,297.98,1.0,1.0,0.7708,0.9375,0.9931,1.0,1.0,1.0,1.0,0,False,False,False,False
91,btc-updown-5m-1790657100,1790657100,1790657400,COMPLETED,145,144,0,0.0,1790657101062,1790657399031,297.97,1.0,1.0,0.8958,0.9792,1.0,1.0,1.0,1.0,1.0,0,False,False,False,False
92,btc-updown-5m-1790657400,1790657400,1790657700,COMPLETED,139,138,0,0.0,1790657401199,1790657696996,295.8,1.0,1.0,0.8986,1.0,1.0,1.0,1.0,1.0,1.0,0,False,False,False,False
93,btc-updown-5m-1790657700,1790657700,1790658000,COMPLETED,132,131,0,0.0,1790657700175,1790657999012,298.84,1.0,1.0,0.8626,0.9847,1.0,1.0,1.0,1.0,1.0,0,False,False,False,False
94,btc-updown-5m-1790658000,1790658000,1790658300,COMPLETED,128,127,0,0.0,1790658001250,1790658299050,297.8,1.0,1.0,0.9449,1.0,1.0,1.0,1.0,1.0,1.0,0,False,False,False,False
95,btc-updown-5m-1790658300,1790658300,1790658600,COMPLETED,126,125,0,0.0,1790658302245,1790658599027,296.78,1.0,1.0,0.88,0.984,1.0,1.0,1.0,1.0,1.0,0,False,False,False,False
96,btc-updown-5m-1790658600,1790658600,1790658900,COMPLETED,125,124,0,0.0,1790658601238,1790658897066,295.83,1.0,1.0,0.879,0.9919,0.9919,1.0,1.0,1.0,1.0,0,False,False,False,False
97,btc-updown-5m-1790658900,1790658900,1790659200,COMPLETED,126,125,0,0.0,1790658900254,1790659197099,296.85,1.0,1.0,0.944,0.992,1.0,1.0,1.0,1.0,1.0,0,False,False,False,False
98,btc-updown-5m-1790659200,1790659200,1790659500,COMPLETED,126,125,0,0.0,1790659200255,1790659499043,298.79,1.0,1.0,0.928,1.0,1.0,1.0,1.0,1.0,1.0,0,False,False,False,False
99,btc-updown-5m-1790659500,1790659500,1790659800,COMPLETED,125,122,1,0.008,1790659501254,1790659797099,295.85,1.0,1.0,0.9344,1.0,1.0,1.0,1.0,1.0,1.0,0,False,False,False,False
100,btc-updown-5m-1790659800,1790659800,1790660100,COMPLETED,126,125,0,0.0,1790659800152,1790660099076,298.92,1.0,1.0,0.984,1.0,1.0,1.0,1.0,1.0,1.0,0,False,False,False,False
101,btc-updown-5m-1790660100,1790660100,1790660400,COMPLETED,126,124,0,0.0,1790660101268,1790660399070,297.8,1.0,1.0,1.0,1.0,1.0,1.0,1.0,1.0,1.0,0,False,False,False,False
102,btc-updown-5m-1790660400,1790660400,1790660700,COMPLETED,126,125,0,0.0,1790660402298,1790660699071,296.77,1.0,1.0,0.992,1.0,1.0,1.0,1.0,1.0,1.0,0,False,False,False,False
103,btc-updown-5m-1790660700,1790660700,1790661000,COMPLETED,125,124,0,0.0,1790660702285,1790660998102,295.82,1.0,1.0,0.9758,1.0,1.0,1.0,1.0,1.0,1.0,0,False,False,False,False
104,btc-updown-5m-1790661000,1790661000,1790661300,COMPLETED,126,125,0,0.0,1790661000265,1790661299081,298.82,1.0,1.0,0.96,0.984,1.0,1.0,1.0,1.0,1.0,0,False,False,False,False
105,btc-updown-5m-1790661300,1790661300,1790661600,COMPLETED,126,125,0,0.0,1790661301184,1790661599094,297.91,1.0,1.0,0.968,1.0,1.0,1.0,1.0,1.0,1.0,0,False,False,False,False
106,btc-updown-5m-1790661600,1790661600,1790661900,COMPLETED,126,125,0,0.0,1790661601150,1790661899108,297.96,1.0,1.0,0.984,1.0,1.0,1.0,1.0,1.0,1.0,0,False,False,False,False
107,btc-updown-5m-1790661900,1790661900,1790662200,COMPLETED,125,124,0,0.0,1790661902194,1790662199123,296.93,1.0,1.0,0.9839,1.0,1.0,1.0,1.0,1.0,1.0,0,False,False,False,False
108,btc-updown-5m-1790662200,1790662200,1790662500,COMPLETED,125,124,0,0.0,1790662202114,1790662498100,295.99,1.0,1.0,1.0,1.0,1.0,1.0,1.0,1.0,1.0,0,False,False,False,False
109,btc-updown-5m-1790662500,1790662500,1790662800,COMPLETED,126,125,0,0.0,1790662500317,1790662799089,298.77,1.0,1.0,1.0,1.0,1.0,1.0,1.0,1.0,1.0,0,False,False,False,False
110,btc-updown-5m-1790662800,1790662800,1790663100,COMPLETED,125,124,0,0.0,1790662801155,1790663097136,295.98,1.0,1.0,0.9919,1.0,1.0,1.0,1.0,1.0,1.0,0,False,False,False,False
111,btc-updown-5m-1790663100,1790663100,1790663400,COMPLETED,126,125,0,0.0,1790663100146,1790663398121,297.98,1.0,1.0,0.96,1.0,1.0,1.0,1.0,1.0,1.0,0,False,False,False,False
112,btc-updown-5m-1790663400,1790663400,1790663700,COMPLETED,125,122,1,0.008,1790663401193,1790663698305,297.11,1.0,1.0,0.9918,1.0,1.0,1.0,1.0,1.0,1.0,0,False,False,False,False
113,btc-updown-5m-1790663700,1790663700,1790664000,COMPLETED,126,123,1,0.0079,1790663701204,1790663999182,297.98,1.0,1.0,0.9837,1.0,1.0,1.0,1.0,1.0,1.0,0,False,False,False,False
114,btc-updown-5m-1790664000,1790664000,1790664300,COMPLETED,125,124,0,0.0,1790664001167,1790664297140,295.97,1.0,1.0,0.9516,1.0,1.0,1.0,1.0,1.0,1.0,0,False,False,False,False
115,btc-updown-5m-1790664300,1790664300,1790664600,COMPLETED,125,119,4,0.032,1790664300326,1790664597175,296.85,1.0,1.0,0.958,1.0,1.0,1.0,1.0,1.0,1.0,0,False,False,False,False
116,btc-updown-5m-1790664600,1790664600,1790664900,COMPLETED,126,125,0,0.0,1790664600174,1790664898126,297.95,1.0,1.0,0.952,1.0,1.0,1.0,1.0,1.0,1.0,0,False,False,False,False
117,btc-updown-5m-1790664900,1790664900,1790665200,COMPLETED,125,123,0,0.0,1790664901411,1790665197221,295.81,1.0,1.0,0.9756,1.0,1.0,1.0,1.0,1.0,1.0,0,False,False,False,False
118,btc-updown-5m-1790665200,1790665200,1790665500,COMPLETED,126,125,0,0.0,1790665200364,1790665498174,297.81,1.0,1.0,1.0,1.0,1.0,1.0,1.0,1.0,1.0,0,False,False,False,False
119,btc-updown-5m-1790665500,1790665500,1790665800,COMPLETED,125,124,0,0.0,1790665500362,1790665798164,297.8,1.0,1.0,0.9919,1.0,1.0,1.0,1.0,1.0,1.0,0,False,False,False,False
120,btc-updown-5m-1790665800,1790665800,1790666100,COMPLETED,126,125,0,0.0,1790665800410,1790666099222,298.81,1.0,1.0,0.984,1.0,1.0,1.0,1.0,1.0,1.0,0,False,False,False,False
121,btc-updown-5m-1790666100,1790666100,1790666400,COMPLETED,125,124,0,0.0,1790666102296,1790666398174,295.88,1.0,1.0,0.9919,1.0,1.0,1.0,1.0,1.0,1.0,0,False,False,False,False
122,btc-updown-5m-1790666400,1790666400,1790666700,COMPLETED,127,126,0,0.0,1790666400397,1790666698262,297.87,1.0,1.0,1.0,1.0,1.0,1.0,1.0,1.0,1.0,0,False,False,False,False
123,btc-updown-5m-1790666700,1790666700,1790667000,COMPLETED,126,123,1,0.0079,1790666701261,1790666998175,296.91,1.0,1.0,0.9675,1.0,1.0,1.0,1.0,1.0,1.0,0,False,False,False,False
124,btc-updown-5m-1790667000,1790667000,1790667300,COMPLETED,126,125,0,0.0,1790667000392,1790667298183,297.79,1.0,1.0,0.976,1.0,1.0,1.0,1.0,1.0,1.0,0,False,False,False,False
125,btc-updown-5m-1790667300,1790667300,1790667600,COMPLETED,126,125,0,0.0,1790667300420,1790667599184,298.76,1.0,1.0,0.976,1.0,1.0,1.0,1.0,1.0,1.0,0,False,False,False,False
126,btc-updown-5m-1790667600,1790667600,1790667900,COMPLETED,126,125,0,0.0,1790667601396,1790667899181,297.79,1.0,1.0,0.984,1.0,1.0,1.0,1.0,1.0,1.0,0,False,False,False,False
127,btc-updown-5m-1790667900,1790667900,1790668200,COMPLETED,126,123,1,0.0079,1790667901425,1790668199210,297.79,1.0,1.0,0.9593,1.0,1.0,1.0,1.0,1.0,1.0,0,False,False,False,False
128,btc-updown-5m-1790668200,1790668200,1790668500,COMPLETED,125,124,0,0.0,1790668202364,1790668497243,294.88,1.0,1.0,0.9758,1.0,1.0,1.0,1.0,1.0,1.0,0,False,False,False,False
129,btc-updown-5m-1790668500,1790668500,1790668800,COMPLETED,125,124,0,0.0,1790668500297,1790668797193,296.9,1.0,1.0,1.0,1.0,1.0,1.0,1.0,1.0,1.0,0,False,False,False,False
130,btc-updown-5m-1790668800,1790668800,1790669100,COMPLETED,126,125,0,0.0,1790668800269,1790669099209,298.94,1.0,1.0,0.96,1.0,1.0,1.0,1.0,1.0,1.0,0,False,False,False,False
131,btc-updown-5m-1790669100,1790669100,1790669400,COMPLETED,126,124,0,0.0,1790669101252,1790669397249,296.0,1.0,1.0,0.9516,0.9919,1.0,1.0,1.0,1.0,1.0,0,False,False,False,False
132,btc-updown-5m-1790669400,1790669400,1790669700,COMPLETED,126,125,0,0.0,1790669400417,1790669697269,296.85,1.0,1.0,0.96,1.0,1.0,1.0,1.0,1.0,1.0,0,False,False,False,False
133,btc-updown-5m-1790669700,1790669700,1790670000,COMPLETED,127,125,0,0.0,1790669700281,1790669999269,298.99,1.0,1.0,0.928,1.0,1.0,1.0,1.0,1.0,1.0,0,False,False,False,False
134,btc-updown-5m-1790670000,1790670000,1790670300,COMPLETED,126,125,0,0.0,1790670002475,1790670299273,296.8,1.0,1.0,0.992,1.0,1.0,1.0,1.0,1.0,1.0,0,False,False,False,False
135,btc-updown-5m-1790670300,1790670300,1790670600,COMPLETED,122,105,16,0.1311,1790670302501,1790670599193,296.69,1.0,1.0,0.9905,1.0,1.0,1.0,1.0,1.0,1.0,0,False,False,False,False
136,btc-updown-5m-1790670600,1790670600,1790670900,COMPLETED,125,119,5,0.04,1790670601559,1790670897246,295.69,1.0,1.0,0.9664,0.9832,0.9916,0.9916,0.9916,1.0,1.0,0,False,False,False,False
137,btc-updown-5m-1790670900,1790670900,1790671200,COMPLETED,126,125,0,0.0,1790670900296,1790671198242,297.95,1.0,1.0,1.0,1.0,1.0,1.0,1.0,1.0,1.0,0,False,False,False,False
138,btc-updown-5m-1790671200,1790671200,1790671500,COMPLETED,126,119,5,0.0397,1790671201311,1790671498249,296.94,1.0,1.0,0.9328,0.9832,1.0,1.0,1.0,1.0,1.0,0,False,False,False,False
139,btc-updown-5m-1790671500,1790671500,1790671800,COMPLETED,127,118,7,0.0551,1790671500344,1790671799310,298.97,1.0,1.0,0.9153,0.9576,0.9746,0.9831,0.9915,1.0,1.0,0,False,False,False,False
140,btc-updown-5m-1790671800,1790671800,1790672100,COMPLETED,125,122,1,0.008,1790671802355,1790672097232,294.88,1.0,1.0,0.9918,1.0,1.0,1.0,1.0,1.0,1.0,0,False,False,False,False
141,btc-updown-5m-1790672100,1790672100,1790672400,COMPLETED,126,124,0,0.0,1790672100327,1790672399318,298.99,1.0,1.0,0.9274,0.9839,1.0,1.0,1.0,1.0,1.0,0,False,False,False,False
142,btc-updown-5m-1790672400,1790672400,1790672700,COMPLETED,123,122,0,0.0,1790672402343,1790672699265,296.92,1.0,1.0,0.9836,1.0,1.0,1.0,1.0,1.0,1.0,0,False,False,False,False
143,btc-updown-5m-1790672700,1790672700,1790673000,COMPLETED,125,123,0,0.0,1790672701619,1790672999246,297.63,1.0,1.0,0.9756,1.0,1.0,1.0,1.0,1.0,1.0,0,False,False,False,False
144,btc-updown-5m-1790673000,1790673000,1790673300,COMPLETED,123,122,0,0.0,1790673001397,1790673298245,296.85,1.0,1.0,0.959,1.0,1.0,1.0,1.0,1.0,1.0,0,False,False,False,False
145,btc-updown-5m-1790673300,1790673300,1790673600,COMPLETED,125,124,0,0.0,1790673300411,1790673597299,296.89,1.0,1.0,0.9435,1.0,1.0,1.0,1.0,1.0,1.0,0,False,False,False,False
146,btc-updown-5m-1790673600,1790673600,1790673900,COMPLETED,125,124,0,0.0,1790673600357,1790673899284,298.93,1.0,1.0,0.9355,0.9919,1.0,1.0,1.0,1.0,1.0,0,False,False,False,False
147,btc-updown-5m-1790673900,1790673900,1790674200,COMPLETED,125,124,0,0.0,1790673901574,1790674198312,296.74,1.0,1.0,0.9113,0.9839,1.0,1.0,1.0,1.0,1.0,0,False,False,False,False
148,btc-updown-5m-1790674200,1790674200,1790674500,COMPLETED,126,125,0,0.0,1790674201360,1790674499345,297.99,1.0,1.0,0.976,1.0,1.0,1.0,1.0,1.0,1.0,0,False,False,False,False
149,btc-updown-5m-1790674500,1790674500,1790674800,COMPLETED,124,123,0,0.0,1790674502580,1790674799335,296.75,1.0,1.0,0.9431,1.0,1.0,1.0,1.0,1.0,1.0,0,False,False,False,False
150,btc-updown-5m-1790674800,1790674800,1790675100,COMPLETED,126,123,1,0.0079,1790674801387,1790675097362,295.98,1.0,1.0,0.9431,1.0,1.0,1.0,1.0,1.0,1.0,0,False,False,False,False
151,btc-updown-5m-1790675100,1790675100,1790675400,COMPLETED,93,76,15,0.1613,1790675100433,1790675324328,223.9,1.0,1.0,0.9211,1.0,1.0,1.0,1.0,1.0,1.0,0,False,True,True,False
152,btc-updown-5m-1790681100,1790681100,1790681400,COMPLETED,111,110,1,0.009,1790681224180,1790681398343,174.16,0.991,0.991,0.8,0.9545,0.9727,0.9636,0.9273,0.8091,0.5818,0,True,False,True,False
153,btc-updown-5m-1790681400,1790681400,1790681700,COMPLETED,122,121,0,0.0,1790681400674,1790681699282,298.61,1.0,1.0,0.7769,0.8843,0.9421,0.9669,1.0,1.0,1.0,0,False,False,False,False
154,btc-updown-5m-1790681700,1790681700,1790682000,COMPLETED,121,118,1,0.0083,1790681701546,1790681999333,297.79,1.0,1.0,0.822,0.9661,1.0,1.0,1.0,1.0,1.0,0,False,False,False,False
155,btc-updown-5m-1790682000,1790682000,1790682300,COMPLETED,123,122,0,0.0,1790682002387,1790682298271,295.88,1.0,1.0,0.9426,1.0,1.0,1.0,1.0,1.0,1.0,0,False,False,False,False
156,btc-updown-5m-1790682300,1790682300,1790682600,COMPLETED,125,123,1,0.008,1790682300306,1790682597323,297.02,1.0,1.0,0.6829,0.8049,0.8455,0.8943,0.9512,1.0,1.0,0,False,False,False,False
157,btc-updown-5m-1790682600,1790682600,1790682900,COMPLETED,123,121,1,0.0081,1790682600511,1790682898429,297.92,1.0,1.0,0.6529,0.8182,0.8843,0.9504,1.0,1.0,1.0,0,False,False,False,False
158,btc-updown-5m-1790682900,1790682900,1790683200,COMPLETED,119,117,0,0.0,1790682901388,1790683199261,297.87,1.0,1.0,0.7778,0.9231,0.9829,1.0,1.0,1.0,1.0,0,False,False,False,False
159,btc-updown-5m-1790683200,1790683200,1790683500,COMPLETED,124,121,2,0.0161,1790683201355,1790683498346,296.99,1.0,1.0,0.7603,0.9174,0.9669,1.0,1.0,1.0,1.0,0,False,False,False,False
160,btc-updown-5m-1790683500,1790683500,1790683800,COMPLETED,125,123,1,0.008,1790683500659,1790683798479,297.82,1.0,1.0,0.8374,0.9106,0.935,0.9919,1.0,1.0,1.0,0,False,False,False,False
161,btc-updown-5m-1790683800,1790683800,1790684100,COMPLETED,121,104,16,0.1322,1790683800587,1790684096788,296.2,1.0,1.0,0.9712,1.0,1.0,1.0,1.0,1.0,1.0,0,False,False,False,False
162,btc-updown-5m-1790684100,1790684100,1790684400,COMPLETED,120,118,0,0.0,1790684100412,1790684398360,297.95,1.0,1.0,1.0,1.0,1.0,1.0,1.0,1.0,1.0,0,False,False,False,False
163,btc-updown-5m-1790684400,1790684400,1790684700,COMPLETED,122,121,0,0.0,1790684401422,1790684698357,296.94,1.0,1.0,0.9835,1.0,1.0,1.0,1.0,1.0,1.0,1,False,False,False,False
164,btc-updown-5m-1790684700,1790684700,1790685000,COMPLETED,121,118,1,0.0083,1790684701417,1790684999342,297.93,1.0,1.0,0.9831,1.0,1.0,1.0,1.0,1.0,1.0,0,False,False,False,False
165,btc-updown-5m-1790685000,1790685000,1790685300,COMPLETED,122,111,9,0.0738,1790685001396,1790685298512,297.12,1.0,1.0,0.9099,0.955,0.973,0.982,1.0,1.0,1.0,6,False,False,False,False
166,btc-updown-5m-1790685300,1790685300,1790685600,COMPLETED,123,118,3,0.0244,1790685301400,1790685599392,297.99,1.0,1.0,0.9915,1.0,1.0,1.0,1.0,1.0,1.0,2,False,False,False,False
167,btc-updown-5m-1790685600,1790685600,1790685900,COMPLETED,93,76,16,0.172,1790685602424,1790685832400,229.98,1.0,1.0,0.9342,0.9868,1.0,1.0,1.0,1.0,1.0,2,False,True,True,False
168,btc-updown-5m-1790692200,1790692200,1790692500,COMPLETED,79,52,27,0.3418,1790692401316,1790692499004,97.69,0.9873,0.9873,0.8077,0.9231,0.9615,0.9231,0.8462,0.5385,0.4808,14,True,False,True,False
169,btc-updown-5m-1790692500,1790692500,1790692800,COMPLETED,122,110,9,0.0738,1790692500054,1790692798417,298.36,1.0,1.0,1.0,1.0,1.0,1.0,1.0,1.0,1.0,0,False,False,False,False
170,btc-updown-5m-1790692800,1790692800,1790693100,COMPLETED,118,116,1,0.0085,1790692800738,1790693098411,297.67,1.0,1.0,0.9828,1.0,1.0,1.0,1.0,1.0,1.0,1,False,False,False,False
171,btc-updown-5m-1790693100,1790693100,1790693400,COMPLETED,115,106,8,0.0696,1790693100736,1790693399401,298.67,1.0,1.0,0.9528,1.0,1.0,1.0,1.0,1.0,1.0,5,False,False,False,False
172,btc-updown-5m-1790693400,1790693400,1790693700,COMPLETED,111,110,0,0.0,1790693401868,1790693699530,297.66,1.0,1.0,0.9455,0.9818,1.0,1.0,1.0,1.0,1.0,3,False,False,False,False
173,btc-updown-5m-1790693700,1790693700,1790694000,COMPLETED,107,106,0,0.0,1790693702441,1790693999415,296.97,1.0,1.0,0.9717,1.0,1.0,1.0,1.0,1.0,1.0,0,False,False,False,False
174,btc-updown-5m-1790694000,1790694000,1790694300,COMPLETED,113,112,0,0.0,1790694002767,1790694298462,295.69,1.0,1.0,1.0,1.0,1.0,1.0,1.0,1.0,1.0,0,False,False,False,False
175,btc-updown-5m-1790694300,1790694300,1790694600,COMPLETED,119,116,2,0.0168,1790694301535,1790694599435,297.9,1.0,1.0,0.9655,0.9914,1.0,1.0,1.0,1.0,1.0,1,False,False,False,False
176,btc-updown-5m-1790694600,1790694600,1790694900,COMPLETED,121,120,0,0.0,1790694602803,1790694899442,296.64,1.0,1.0,0.9917,1.0,1.0,1.0,1.0,1.0,1.0,0,False,False,False,False
177,btc-updown-5m-1790694900,1790694900,1790695200,COMPLETED,118,115,1,0.0085,1790694901472,1790695198447,296.98,1.0,1.0,1.0,1.0,1.0,1.0,1.0,1.0,1.0,3,False,False,False,False
178,btc-updown-5m-1790695200,1790695200,1790695500,COMPLETED,112,111,0,0.0,1790695202526,1790695497277,294.75,1.0,1.0,1.0,1.0,1.0,1.0,1.0,1.0,1.0,1,False,False,False,False
179,btc-updown-5m-1790695500,1790695500,1790695800,COMPLETED,112,108,1,0.0089,1790695500776,1790695799441,298.67,1.0,1.0,1.0,1.0,1.0,1.0,1.0,1.0,1.0,0,False,False,False,False
180,btc-updown-5m-1790695800,1790695800,1790696100,COMPLETED,111,110,0,0.0,1790695802786,1790696097429,294.64,1.0,1.0,1.0,1.0,1.0,1.0,1.0,1.0,1.0,2,False,False,False,False
181,btc-updown-5m-1790696100,1790696100,1790696400,COMPLETED,111,110,0,0.0,1790696100723,1790696396756,296.03,1.0,1.0,1.0,1.0,1.0,1.0,1.0,1.0,1.0,1,False,False,True,False
182,btc-updown-5m-1790705400,1790705400,1790705700,COMPLETED,149,148,1,0.0067,1790705445145,1790705699414,254.27,0.9933,0.9933,0.973,1.0,0.9932,0.9797,0.9527,0.8446,0.6757,0,True,False,True,False
183,btc-updown-5m-1790705700,1790705700,1790706000,COMPLETED,112,110,1,0.0089,1790705701768,1790705999493,297.73,1.0,1.0,0.9273,0.9909,1.0,1.0,1.0,1.0,1.0,0,False,False,False,False
184,btc-updown-5m-1790706000,1790706000,1790706300,COMPLETED,111,110,0,0.0,1790706002812,1790706298480,295.67,1.0,1.0,0.9636,1.0,1.0,1.0,1.0,1.0,1.0,0,False,False,False,False
185,btc-updown-5m-1790706300,1790706300,1790706600,COMPLETED,109,108,0,0.0,1790706301789,1790706598510,296.72,1.0,1.0,0.9167,0.9907,1.0,1.0,1.0,1.0,1.0,0,False,False,False,False
186,btc-updown-5m-1790706600,1790706600,1790706900,COMPLETED,106,104,0,0.0,1790706601638,1790706898476,296.84,1.0,1.0,0.9808,1.0,1.0,1.0,1.0,1.0,1.0,0,False,False,False,False
187,btc-updown-5m-1790706900,1790706900,1790707200,COMPLETED,103,100,2,0.0194,1790706900871,1790707198650,297.78,1.0,1.0,0.98,1.0,1.0,1.0,1.0,1.0,1.0,0,False,False,False,False
188,btc-updown-5m-1790707200,1790707200,1790707500,COMPLETED,102,101,0,0.0,1790707200546,1790707496809,296.26,1.0,1.0,0.9604,1.0,1.0,1.0,1.0,1.0,1.0,0,False,False,False,False
189,btc-updown-5m-1790707500,1790707500,1790707800,COMPLETED,104,102,0,0.0,1790707500942,1790707796533,295.59,1.0,1.0,0.9608,1.0,1.0,1.0,1.0,1.0,1.0,0,False,False,False,False
190,btc-updown-5m-1790707800,1790707800,1790708100,COMPLETED,112,111,0,0.0,1790707800686,1790708099458,298.77,1.0,1.0,0.9369,1.0,1.0,1.0,1.0,1.0,1.0,0,False,False,False,False
191,btc-updown-5m-1790708100,1790708100,1790708400,COMPLETED,107,106,0,0.0,1790708101834,1790708399408,297.57,1.0,1.0,0.9623,0.9906,1.0,1.0,1.0,1.0,1.0,0,False,False,False,False
192,btc-updown-5m-1790708400,1790708400,1790708700,COMPLETED,109,107,1,0.0092,1790708401605,1790708699409,297.8,1.0,1.0,0.8879,0.9907,1.0,1.0,1.0,1.0,1.0,0,False,False,False,False
193,btc-updown-5m-1790708700,1790708700,1790709000,COMPLETED,109,108,0,0.0,1790708701913,1790708999484,297.57,1.0,1.0,0.9537,1.0,1.0,1.0,1.0,1.0,1.0,0,False,False,False,False
194,btc-updown-5m-1790709000,1790709000,1790709300,COMPLETED,102,100,0,0.0,1790709003546,1790709297541,294.0,1.0,1.0,0.88,1.0,1.0,1.0,1.0,1.0,1.0,0,False,False,False,False
195,btc-updown-5m-1790709300,1790709300,1790709600,COMPLETED,100,99,0,0.0,1790709301919,1790709597585,295.67,1.0,1.0,0.9091,0.9899,1.0,1.0,1.0,1.0,1.0,0,False,False,False,False
196,btc-updown-5m-1790709600,1790709600,1790709900,COMPLETED,100,99,0,0.0,1790709601883,1790709897565,295.68,1.0,1.0,0.6869,0.9495,1.0,1.0,1.0,1.0,1.0,0,False,False,False,False
197,btc-updown-5m-1790709900,1790709900,1790710200,COMPLETED,100,99,0,0.0,1790709901579,1790710197567,295.99,1.0,1.0,0.8788,0.9899,1.0,1.0,1.0,1.0,1.0,0,False,False,False,False
198,btc-updown-5m-1790710200,1790710200,1790710500,COMPLETED,100,99,0,0.0,1790710201594,1790710497582,295.99,1.0,1.0,0.8485,0.9697,1.0,1.0,1.0,1.0,1.0,0,False,False,False,False
199,btc-updown-5m-1790710500,1790710500,1790710800,COMPLETED,100,99,0,0.0,1790710501920,1790710797569,295.65,1.0,1.0,0.8283,0.9899,1.0,1.0,1.0,1.0,1.0,0,False,False,False,False
200,btc-updown-5m-1790710800,1790710800,1790711100,COMPLETED,100,99,0,0.0,1790710801915,1790711097584,295.67,1.0,1.0,0.9293,0.9798,1.0,1.0,1.0,1.0,1.0,0,False,False,False,False
201,btc-updown-5m-1790711100,1790711100,1790711400,COMPLETED,100,99,0,0.0,1790711101862,1790711397595,295.73,1.0,1.0,0.9899,1.0,1.0,1.0,1.0,1.0,1.0,0,False,False,False,False
202,btc-updown-5m-1790711400,1790711400,1790711700,COMPLETED,99,98,0,0.0,1790711401830,1790711698602,296.77,1.0,1.0,0.8571,0.9898,1.0,1.0,1.0,1.0,1.0,0,False,False,False,False
203,btc-updown-5m-1790711700,1790711700,1790712000,COMPLETED,100,99,0,0.0,1790711700937,1790711996784,295.85,1.0,1.0,0.8081,0.9697,0.9697,1.0,1.0,1.0,1.0,0,False,False,False,False
204,btc-updown-5m-1790712000,1790712000,1790712300,COMPLETED,100,99,0,0.0,1790712000590,1790712296554,295.96,1.0,1.0,0.9091,1.0,1.0,1.0,1.0,1.0,1.0,0,False,False,False,False
205,btc-updown-5m-1790712300,1790712300,1790712600,COMPLETED,100,99,0,0.0,1790712300591,1790712596573,295.98,1.0,1.0,0.899,0.9899,1.0,1.0,1.0,1.0,1.0,0,False,False,False,False
206,btc-updown-5m-1790712600,1790712600,1790712900,COMPLETED,100,99,0,0.0,1790712600930,1790712896638,295.71,1.0,1.0,0.8081,0.9899,0.9899,1.0,1.0,1.0,1.0,0,False,False,False,False
207,btc-updown-5m-1790712900,1790712900,1790713200,COMPLETED,100,99,0,0.0,1790712900960,1790713196578,295.62,1.0,1.0,0.8586,0.9697,1.0,1.0,1.0,1.0,1.0,0,False,False,False,False
208,btc-updown-5m-1790713200,1790713200,1790713500,COMPLETED,100,99,0,0.0,1790713200958,1790713496585,295.63,1.0,1.0,0.7879,0.9596,0.9899,1.0,1.0,1.0,1.0,0,False,False,False,False
209,btc-updown-5m-1790713500,1790713500,1790713800,COMPLETED,100,99,0,0.0,1790713500700,1790713796611,295.91,1.0,1.0,0.8687,1.0,1.0,1.0,1.0,1.0,1.0,0,False,False,False,False
210,btc-updown-5m-1790713800,1790713800,1790714100,COMPLETED,100,99,0,0.0,1790713800695,1790714097860,297.17,1.0,1.0,0.8081,0.9495,1.0,1.0,1.0,1.0,1.0,0,False,False,False,False
211,btc-updown-5m-1790714100,1790714100,1790714400,COMPLETED,100,98,0,0.0,1790714101634,1790714397587,295.95,1.0,1.0,0.7041,0.8673,0.9592,1.0,1.0,1.0,1.0,0,False,False,False,False
212,btc-updown-5m-1790714400,1790714400,1790714700,COMPLETED,100,99,0,0.0,1790714401630,1790714697637,296.01,1.0,1.0,0.8283,0.9798,1.0,1.0,1.0,1.0,1.0,0,False,False,False,False
213,btc-updown-5m-1790714700,1790714700,1790715000,COMPLETED,100,98,0,0.0,1790714701989,1790714997615,295.63,1.0,1.0,0.7449,0.9184,0.9796,1.0,1.0,1.0,1.0,2,False,False,False,False
214,btc-updown-5m-1790715000,1790715000,1790715300,COMPLETED,100,99,0,0.0,1790715001703,1790715298700,297.0,1.0,1.0,0.8182,0.9899,1.0,1.0,1.0,1.0,1.0,0,False,False,False,False
215,btc-updown-5m-1790715300,1790715300,1790715600,COMPLETED,100,98,0,0.0,1790715302621,1790715598673,296.05,1.0,1.0,0.7653,0.9796,1.0,1.0,1.0,1.0,1.0,0,False,False,False,False
216,btc-updown-5m-1790715600,1790715600,1790715900,COMPLETED,100,99,0,0.0,1790715602713,1790715899652,296.94,1.0,1.0,0.9192,1.0,1.0,1.0,1.0,1.0,1.0,0,False,False,False,False
217,btc-updown-5m-1790715900,1790715900,1790716200,COMPLETED,97,95,0,0.0,1790715903686,1790716197590,293.9,1.0,1.0,0.6842,0.9158,0.9474,0.9789,1.0,1.0,1.0,0,False,False,False,False
218,btc-updown-5m-1790716200,1790716200,1790716500,COMPLETED,100,99,0,0.0,1790716201708,1790716499717,298.01,1.0,1.0,0.798,0.9596,0.9899,1.0,1.0,1.0,1.0,0,False,False,False,False
219,btc-updown-5m-1790716500,1790716500,1790716800,COMPLETED,99,98,0,0.0,1790716503698,1790716798619,294.92,1.0,1.0,0.7551,0.9592,1.0,1.0,1.0,1.0,1.0,0,False,False,False,False
220,btc-updown-5m-1790716800,1790716800,1790717100,COMPLETED,100,99,0,0.0,1790716800682,1790717098637,297.95,1.0,1.0,0.8081,0.9798,1.0,1.0,1.0,1.0,1.0,0,False,False,False,False
221,btc-updown-5m-1790717100,1790717100,1790717400,COMPLETED,99,98,0,0.0,1790717100695,1790717398648,297.95,1.0,1.0,0.898,0.9898,1.0,1.0,1.0,1.0,1.0,0,False,False,False,False
222,btc-updown-5m-1790717400,1790717400,1790717700,COMPLETED,97,96,0,0.0,1790717403037,1790717697936,294.9,1.0,1.0,0.7812,0.9688,1.0,1.0,1.0,1.0,1.0,0,False,False,False,False
223,btc-updown-5m-1790717700,1790717700,1790718000,COMPLETED,98,96,0,0.0,1790717701983,1790717997632,295.65,1.0,1.0,0.6667,0.9271,0.9792,1.0,1.0,1.0,1.0,0,False,False,False,False
224,btc-updown-5m-1790718000,1790718000,1790718300,COMPLETED,97,96,0,0.0,1790718002110,1790718298057,295.95,1.0,1.0,0.8021,0.9583,1.0,1.0,1.0,1.0,1.0,0,False,False,False,False
225,btc-updown-5m-1790718300,1790718300,1790718600,COMPLETED,92,91,0,0.0,1790718300708,1790718595650,294.94,1.0,1.0,0.6923,0.8901,0.956,1.0,1.0,1.0,1.0,0,False,False,False,False
226,btc-updown-5m-1790718600,1790718600,1790718900,COMPLETED,99,98,0,0.0,1790718600290,1790718899624,299.33,1.0,1.0,0.6327,0.8571,0.949,0.9898,1.0,1.0,1.0,0,False,False,False,False
227,btc-updown-5m-1790718900,1790718900,1790719200,COMPLETED,97,95,0,0.0,1790718904049,1790719199008,294.96,1.0,1.0,0.6737,0.8737,0.9579,1.0,1.0,1.0,1.0,0,False,False,False,False
228,btc-updown-5m-1790719200,1790719200,1790719500,COMPLETED,98,97,0,0.0,1790719202678,1790719496697,294.02,1.0,1.0,0.8351,0.9794,1.0,1.0,1.0,1.0,1.0,0,False,False,False,False
229,btc-updown-5m-1790719500,1790719500,1790719800,COMPLETED,92,91,0,0.0,1790719501120,1790719799653,298.53,1.0,1.0,0.7363,0.978,1.0,1.0,1.0,1.0,1.0,0,False,False,False,False
230,btc-updown-5m-1790719800,1790719800,1790720100,COMPLETED,93,92,0,0.0,1790719803705,1790720097692,293.99,1.0,1.0,0.837,0.9891,1.0,1.0,1.0,1.0,1.0,0,False,False,False,False
231,btc-updown-5m-1790720100,1790720100,1790720400,COMPLETED,97,96,0,0.0,1790720102179,1790720398665,296.49,1.0,1.0,0.8854,0.9792,0.9896,1.0,1.0,1.0,1.0,0,False,False,False,False
232,btc-updown-5m-1790720400,1790720400,1790720700,COMPLETED,97,96,0,0.0,1790720400779,1790720696657,295.88,1.0,1.0,0.8438,0.9688,1.0,1.0,1.0,1.0,1.0,0,False,False,False,False
233,btc-updown-5m-1790720700,1790720700,1790721000,COMPLETED,99,97,0,0.0,1790720701080,1790720998826,297.75,1.0,1.0,0.7938,0.9897,1.0,1.0,1.0,1.0,1.0,0,False,False,False,False
234,btc-updown-5m-1790721000,1790721000,1790721300,COMPLETED,97,96,0,0.0,1790721000804,1790721298687,297.88,1.0,1.0,0.8854,0.9583,0.9792,1.0,1.0,1.0,1.0,0,False,False,False,False
235,btc-updown-5m-1790721300,1790721300,1790721600,COMPLETED,74,73,0,0.0,1790721302922,1790721596642,293.72,1.0,1.0,0.6575,0.9178,0.9315,0.9863,1.0,1.0,1.0,0,False,False,False,False
236,btc-updown-5m-1790721600,1790721600,1790721900,COMPLETED,49,48,0,0.0,1790721602752,1790721898047,295.3,1.0,1.0,0.6875,0.8958,0.9375,0.9792,1.0,1.0,1.0,0,False,False,False,False
237,btc-updown-5m-1790721900,1790721900,1790722200,COMPLETED,47,46,0,0.0,1790721903590,1790722196188,292.6,1.0,1.0,0.8696,0.9348,1.0,1.0,1.0,1.0,1.0,1,False,False,False,False
238,btc-updown-5m-1790722200,1790722200,1790722500,COMPLETED,68,67,0,0.0,1790722202831,1790722496731,293.9,1.0,1.0,0.791,0.9254,1.0,1.0,1.0,1.0,1.0,1,False,False,False,False
239,btc-updown-5m-1790722500,1790722500,1790722800,COMPLETED,91,90,0,0.0,1790722501009,1790722797699,296.69,1.0,1.0,0.8111,0.9667,1.0,1.0,1.0,1.0,1.0,0,False,False,False,False
240,btc-updown-5m-1790722800,1790722800,1790723100,COMPLETED,97,96,0,0.0,1790722801738,1790723098690,296.95,1.0,1.0,0.9375,0.9896,1.0,1.0,1.0,1.0,1.0,0,False,False,False,False
241,btc-updown-5m-1790723100,1790723100,1790723400,COMPLETED,81,80,0,0.0,1790723100814,1790723398768,297.95,1.0,1.0,0.95,1.0,1.0,1.0,1.0,1.0,1.0,0,False,False,False,False
242,btc-updown-5m-1790723400,1790723400,1790723700,COMPLETED,97,96,0,0.0,1790723402833,1790723699620,296.79,1.0,1.0,0.8333,0.9792,1.0,1.0,1.0,1.0,1.0,1,False,False,False,False
243,btc-updown-5m-1790723700,1790723700,1790724000,COMPLETED,85,84,0,0.0,1790723704180,1790723995736,291.56,1.0,1.0,0.9286,1.0,1.0,1.0,1.0,1.0,1.0,0,False,False,False,False
244,btc-updown-5m-1790724000,1790724000,1790724300,COMPLETED,85,84,0,0.0,1790724000247,1790724299702,299.45,1.0,1.0,0.881,0.9881,1.0,1.0,1.0,1.0,1.0,0,False,False,False,False
245,btc-updown-5m-1790724300,1790724300,1790724600,COMPLETED,94,93,0,0.0,1790724302079,1790724596626,294.55,1.0,1.0,0.7634,0.9247,0.9462,0.9785,1.0,1.0,1.0,0,False,False,False,False
246,btc-updown-5m-1790724600,1790724600,1790724900,COMPLETED,94,92,0,0.0,1790724600643,1790724895652,295.01,1.0,1.0,0.8587,0.9891,1.0,1.0,1.0,1.0,1.0,0,False,False,False,False
247,btc-updown-5m-1790724900,1790724900,1790725200,COMPLETED,95,94,0,0.0,1790724900356,1790725196627,296.27,1.0,1.0,0.8511,0.9894,0.9894,1.0,1.0,1.0,1.0,0,False,False,False,False
248,btc-updown-5m-1790725200,1790725200,1790725500,COMPLETED,100,98,0,0.0,1790725200982,1790725499727,298.75,1.0,1.0,0.8571,0.9694,0.9898,1.0,1.0,1.0,1.0,0,False,False,False,False
249,btc-updown-5m-1790725500,1790725500,1790725800,COMPLETED,99,98,0,0.0,1790725503816,1790725798785,294.97,1.0,1.0,0.7551,0.949,0.9796,1.0,1.0,1.0,1.0,0,False,False,False,False
250,btc-updown-5m-1790725800,1790725800,1790726100,COMPLETED,98,96,1,0.0102,1790725801250,1790726098736,297.49,1.0,1.0,0.7917,0.9167,0.9688,1.0,1.0,1.0,1.0,0,False,False,False,False
251,btc-updown-5m-1790726100,1790726100,1790726400,COMPLETED,97,95,1,0.0103,1790726101080,1790726397159,296.08,1.0,1.0,0.7368,0.9368,0.9684,0.9895,1.0,1.0,1.0,0,False,False,False,False
252,btc-updown-5m-1790726400,1790726400,1790726700,COMPLETED,98,96,0,0.0,1790726400890,1790726696887,296.0,1.0,1.0,0.9479,1.0,1.0,1.0,1.0,1.0,1.0,0,False,False,False,False
253,btc-updown-5m-1790726700,1790726700,1790727000,COMPLETED,96,95,0,0.0,1790726701056,1790726997770,296.71,1.0,1.0,0.8632,0.9368,0.9895,1.0,1.0,1.0,1.0,0,False,False,False,False
254,btc-updown-5m-1790727000,1790727000,1790727300,COMPLETED,99,98,0,0.0,1790727001930,1790727298751,296.82,1.0,1.0,0.9184,1.0,1.0,1.0,1.0,1.0,1.0,0,False,False,False,False
255,btc-updown-5m-1790727300,1790727300,1790727600,COMPLETED,98,96,1,0.0102,1790727301168,1790727599779,298.61,1.0,1.0,0.9479,1.0,1.0,1.0,1.0,1.0,1.0,0,False,False,False,False
256,btc-updown-5m-1790727600,1790727600,1790727900,COMPLETED,97,96,0,0.0,1790727602056,1790727897777,295.72,1.0,1.0,0.9375,1.0,1.0,1.0,1.0,1.0,1.0,0,False,False,False,False
257,btc-updown-5m-1790727900,1790727900,1790728200,COMPLETED,98,97,0,0.0,1790727901937,1790728197778,295.84,1.0,1.0,0.9381,0.9897,1.0,1.0,1.0,1.0,1.0,0,False,False,False,False
258,btc-updown-5m-1790728200,1790728200,1790728500,COMPLETED,95,94,0,0.0,1790728202266,1790728498927,296.66,1.0,1.0,0.8404,0.9574,1.0,1.0,1.0,1.0,1.0,0,False,False,False,False
259,btc-updown-5m-1790728500,1790728500,1790728800,COMPLETED,95,93,1,0.0105,1790728500873,1790728796770,295.9,1.0,1.0,0.9032,0.9892,1.0,1.0,1.0,1.0,1.0,0,False,False,False,False
260,btc-updown-5m-1790728800,1790728800,1790729100,COMPLETED,97,96,0,0.0,1790728801086,1790729099808,298.72,1.0,1.0,0.7917,0.9375,0.9896,1.0,1.0,1.0,1.0,0,False,False,False,False
261,btc-updown-5m-1790729100,1790729100,1790729400,COMPLETED,97,96,0,0.0,1790729102187,1790729399806,297.62,1.0,1.0,0.9167,1.0,1.0,1.0,1.0,1.0,1.0,0,False,False,False,False
262,btc-updown-5m-1790729400,1790729400,1790729700,COMPLETED,95,94,0,0.0,1790729404260,1790729697803,293.54,1.0,1.0,0.8936,0.9681,1.0,1.0,1.0,1.0,1.0,0,False,False,False,False
263,btc-updown-5m-1790729700,1790729700,1790730000,COMPLETED,98,96,0,0.0,1790729702197,1790729998794,296.6,1.0,1.0,0.9167,0.9792,1.0,1.0,1.0,1.0,1.0,0,False,False,False,False
264,btc-updown-5m-1790730000,1790730000,1790730300,COMPLETED,96,95,0,0.0,1790730003293,1790730299828,296.54,1.0,1.0,0.8632,0.9895,1.0,1.0,1.0,1.0,1.0,0,False,False,False,False
265,btc-updown-5m-1790730300,1790730300,1790730600,COMPLETED,93,92,0,0.0,1790730302230,1790730598193,295.96,1.0,1.0,0.8913,1.0,1.0,1.0,1.0,1.0,1.0,0,False,False,False,False
266,btc-updown-5m-1790730600,1790730600,1790730900,COMPLETED,98,96,0,0.0,1790730602878,1790730898807,295.93,1.0,1.0,0.7708,0.9688,1.0,1.0,1.0,1.0,1.0,0,False,False,False,False
267,btc-updown-5m-1790730900,1790730900,1790731200,COMPLETED,97,96,0,0.0,1790730903224,1790731199989,296.76,1.0,1.0,0.8229,0.9896,1.0,1.0,1.0,1.0,1.0,0,False,False,False,False
268,btc-updown-5m-1790731200,1790731200,1790731500,COMPLETED,96,95,0,0.0,1790731204962,1790731496901,291.94,1.0,1.0,0.8105,0.9684,1.0,1.0,1.0,1.0,1.0,0,False,False,False,False
269,btc-updown-5m-1790731500,1790731500,1790731800,COMPLETED,96,94,0,0.0,1790731501248,1790731799834,298.59,1.0,1.0,0.8298,0.9787,0.9894,1.0,1.0,1.0,1.0,0,False,False,False,False
270,btc-updown-5m-1790731800,1790731800,1790732100,COMPLETED,95,94,0,0.0,1790731803957,1790732099799,295.84,1.0,1.0,0.9043,1.0,1.0,1.0,1.0,1.0,1.0,0,False,False,False,False
271,btc-updown-5m-1790732100,1790732100,1790732400,COMPLETED,93,92,0,0.0,1790732104326,1790732398858,294.53,1.0,1.0,0.8804,0.9891,1.0,1.0,1.0,1.0,1.0,0,False,False,False,False
272,btc-updown-5m-1790732400,1790732400,1790732700,COMPLETED,93,91,0,0.0,1790732402967,1790732699881,296.91,1.0,1.0,0.8462,0.978,0.989,1.0,1.0,1.0,1.0,0,False,False,False,False
273,btc-updown-5m-1790732700,1790732700,1790733000,COMPLETED,93,92,0,0.0,1790732705031,1790732999865,294.83,1.0,1.0,0.8587,0.9565,1.0,1.0,1.0,1.0,1.0,0,False,False,False,False
274,btc-updown-5m-1790733000,1790733000,1790733300,COMPLETED,94,92,1,0.0106,1790733003933,1790733299862,295.93,1.0,1.0,0.8478,0.9457,0.9891,1.0,1.0,1.0,1.0,0,False,False,False,False
275,btc-updown-5m-1790733300,1790733300,1790733600,COMPLETED,94,93,0,0.0,1790733302244,1790733596855,294.61,1.0,1.0,0.7634,0.9892,1.0,1.0,1.0,1.0,1.0,0,False,False,False,False
276,btc-updown-5m-1790733600,1790733600,1790733900,COMPLETED,94,93,0,0.0,1790733601245,1790733896925,295.68,1.0,1.0,0.871,0.9785,1.0,1.0,1.0,1.0,1.0,0,False,False,False,False
277,btc-updown-5m-1790733900,1790733900,1790734200,COMPLETED,96,94,0,0.0,1790733901343,1790734197917,296.57,1.0,1.0,0.9574,1.0,1.0,1.0,1.0,1.0,1.0,0,False,False,False,False
278,btc-updown-5m-1790734200,1790734200,1790734500,COMPLETED,91,89,0,0.0,1790734202266,1790734499859,297.59,1.0,1.0,0.7865,0.9326,0.9888,1.0,1.0,1.0,1.0,0,False,False,False,False
279,btc-updown-5m-1790734500,1790734500,1790734800,COMPLETED,92,91,0,0.0,1790734502305,1790734799905,297.6,1.0,1.0,0.8462,0.967,0.989,1.0,1.0,1.0,1.0,0,False,False,False,False
280,btc-updown-5m-1790734800,1790734800,1790735100,COMPLETED,92,90,0,0.0,1790734804276,1790735095913,291.64,1.0,1.0,0.9444,0.9889,1.0,1.0,1.0,1.0,1.0,0,False,False,False,False
281,btc-updown-5m-1790735100,1790735100,1790735400,COMPLETED,96,95,0,0.0,1790735100269,1790735398937,298.67,1.0,1.0,0.7895,0.9579,0.9789,1.0,1.0,1.0,1.0,0,False,False,False,False
282,btc-updown-5m-1790735400,1790735400,1790735700,COMPLETED,92,91,0,0.0,1790735403277,1790735697945,294.67,1.0,1.0,0.9121,0.978,1.0,1.0,1.0,1.0,1.0,0,False,False,False,False
283,btc-updown-5m-1790735700,1790735700,1790736000,COMPLETED,91,90,0,0.0,1790735702279,1790735996954,294.68,1.0,1.0,0.9556,0.9889,1.0,1.0,1.0,1.0,1.0,0,False,False,False,False
284,btc-updown-5m-1790736000,1790736000,1790736300,COMPLETED,91,90,0,0.0,1790736001107,1790736298915,297.81,1.0,1.0,0.9,1.0,1.0,1.0,1.0,1.0,1.0,0,False,False,False,False
285,btc-updown-5m-1790736300,1790736300,1790736600,COMPLETED,91,90,0,0.0,1790736301341,1790736599929,298.59,1.0,1.0,0.8778,0.9889,1.0,1.0,1.0,1.0,1.0,0,False,False,False,False
286,btc-updown-5m-1790736600,1790736600,1790736900,COMPLETED,89,87,0,0.0,1790736602199,1790736898275,296.08,1.0,1.0,0.8046,1.0,1.0,1.0,1.0,1.0,1.0,0,False,False,False,False
287,btc-updown-5m-1790736900,1790736900,1790737200,COMPLETED,93,91,0,0.0,1790736902995,1790737198983,295.99,1.0,1.0,0.8022,0.967,0.989,1.0,1.0,1.0,1.0,0,False,False,False,False
288,btc-updown-5m-1790737200,1790737200,1790737500,COMPLETED,91,90,0,0.0,1790737201120,1790737498962,297.84,1.0,1.0,0.9,0.9889,1.0,1.0,1.0,1.0,1.0,0,False,False,False,False
289,btc-updown-5m-1790737500,1790737500,1790737800,COMPLETED,87,84,1,0.0115,1790737501322,1790737797107,295.79,1.0,1.0,0.8452,0.9881,1.0,1.0,1.0,1.0,1.0,0,False,False,False,False
290,btc-updown-5m-1790737800,1790737800,1790738100,COMPLETED,91,90,0,0.0,1790737802325,1790738097871,295.55,1.0,1.0,0.8333,0.9778,1.0,1.0,1.0,1.0,1.0,0,False,False,False,False
291,btc-updown-5m-1790738100,1790738100,1790738400,COMPLETED,89,88,0,0.0,1790738102179,1790738397149,294.97,1.0,1.0,0.9659,0.9886,1.0,1.0,1.0,1.0,1.0,0,False,False,False,False
292,btc-updown-5m-1790738400,1790738400,1790738700,COMPLETED,89,87,0,0.0,1790738402406,1790738697938,295.53,1.0,1.0,0.9425,0.9885,1.0,1.0,1.0,1.0,1.0,0,False,False,False,False
293,btc-updown-5m-1790738700,1790738700,1790739000,COMPLETED,85,84,0,0.0,1790738702292,1790738998910,296.62,1.0,1.0,0.8929,1.0,1.0,1.0,1.0,1.0,1.0,0,False,False,False,False
294,btc-updown-5m-1790739000,1790739000,1790739300,COMPLETED,89,88,0,0.0,1790739003317,1790739298064,294.75,1.0,1.0,0.8977,1.0,1.0,1.0,1.0,1.0,1.0,0,False,False,False,False
295,btc-updown-5m-1790739300,1790739300,1790739600,COMPLETED,91,90,0,0.0,1790739301245,1790739597929,296.68,1.0,1.0,0.9333,0.9889,1.0,1.0,1.0,1.0,1.0,0,False,False,False,False
296,btc-updown-5m-1790739600,1790739600,1790739900,COMPLETED,87,86,0,0.0,1790739602319,1790739897018,294.7,1.0,1.0,0.8605,0.9767,1.0,1.0,1.0,1.0,1.0,0,False,False,False,False
297,btc-updown-5m-1790739900,1790739900,1790740200,COMPLETED,90,89,0,0.0,1790739900310,1790740197009,296.7,1.0,1.0,0.8652,0.9551,1.0,1.0,1.0,1.0,1.0,0,False,False,False,False
298,btc-updown-5m-1790740200,1790740200,1790740500,COMPLETED,82,81,0,0.0,1790740200242,1790740497932,297.69,1.0,1.0,0.8889,0.9877,1.0,1.0,1.0,1.0,1.0,0,False,False,False,False
299,btc-updown-5m-1790740500,1790740500,1790740800,COMPLETED,82,81,0,0.0,1790740500348,1790740797133,296.79,1.0,1.0,0.7654,0.9259,0.9877,1.0,1.0,1.0,1.0,0,False,False,False,False
300,btc-updown-5m-1790740800,1790740800,1790741100,COMPLETED,89,88,0,0.0,1790740802184,1790741097002,294.82,1.0,1.0,0.7955,0.9545,0.9886,1.0,1.0,1.0,1.0,0,False,False,False,False
301,btc-updown-5m-1790741100,1790741100,1790741400,COMPLETED,88,87,0,0.0,1790741102328,1790741397951,295.62,1.0,1.0,0.7586,0.9425,0.977,1.0,1.0,1.0,1.0,0,False,False,False,False
302,btc-updown-5m-1790741400,1790741400,1790741700,COMPLETED,89,87,0,0.0,1790741402426,1790741697972,295.55,1.0,1.0,0.7816,0.9655,1.0,1.0,1.0,1.0,1.0,0,False,False,False,False
303,btc-updown-5m-1790741700,1790741700,1790742000,COMPLETED,86,85,0,0.0,1790741702354,1790741998108,295.75,1.0,1.0,0.8824,0.9765,1.0,1.0,1.0,1.0,1.0,0,False,False,False,False
304,btc-updown-5m-1790742000,1790742000,1790742300,COMPLETED,86,84,1,0.0116,1790742001236,1790742298055,296.82,1.0,1.0,0.8095,0.9881,0.9881,1.0,1.0,1.0,1.0,0,False,False,False,False
305,btc-updown-5m-1790742300,1790742300,1790742600,COMPLETED,83,82,0,0.0,1790742301382,1790742598931,297.55,1.0,1.0,0.8293,1.0,1.0,1.0,1.0,1.0,1.0,0,False,False,False,False
306,btc-updown-5m-1790742600,1790742600,1790742900,COMPLETED,84,83,0,0.0,1790742601443,1790742898968,297.52,1.0,1.0,0.7229,0.9759,1.0,1.0,1.0,1.0,1.0,0,False,False,False,False
307,btc-updown-5m-1790742900,1790742900,1790743200,COMPLETED,83,82,0,0.0,1790742901347,1790743199027,297.68,1.0,1.0,0.8171,0.9634,1.0,1.0,1.0,1.0,1.0,0,False,False,False,False
308,btc-updown-5m-1790743200,1790743200,1790743500,COMPLETED,82,81,0,0.0,1790743204191,1790743495993,291.8,1.0,1.0,0.7654,0.9259,0.9753,1.0,1.0,1.0,1.0,0,False,False,False,False
309,btc-updown-5m-1790743500,1790743500,1790743800,COMPLETED,84,83,0,0.0,1790743500370,1790743799958,299.59,1.0,1.0,0.747,0.9277,0.9639,0.988,1.0,1.0,1.0,0,False,False,False,False
310,btc-updown-5m-1790743800,1790743800,1790744100,COMPLETED,80,79,0,0.0,1790743802392,1790744099976,297.58,1.0,1.0,0.8481,0.9873,0.9873,1.0,1.0,1.0,1.0,0,False,False,False,False
311,btc-updown-5m-1790744100,1790744100,1790744400,COMPLETED,78,77,0,0.0,1790744105051,1790744398928,293.88,1.0,1.0,0.8571,0.987,1.0,1.0,1.0,1.0,1.0,0,False,False,False,False
312,btc-updown-5m-1790744400,1790744400,1790744700,COMPLETED,83,82,0,0.0,1790744403420,1790744697033,293.61,1.0,1.0,0.9268,0.9756,1.0,1.0,1.0,1.0,1.0,0,False,False,False,False
313,btc-updown-5m-1790744700,1790744700,1790745000,COMPLETED,76,74,0,0.0,1790744702422,1790744999014,296.59,1.0,1.0,0.7838,0.9865,0.9865,1.0,1.0,1.0,1.0,0,False,False,False,False
314,btc-updown-5m-1790745000,1790745000,1790745300,COMPLETED,77,76,0,0.0,1790745004089,1790745295110,291.02,1.0,1.0,0.8289,0.9737,1.0,1.0,1.0,1.0,1.0,0,False,False,False,False
315,btc-updown-5m-1790745300,1790745300,1790745600,COMPLETED,78,77,0,0.0,1790745300208,1790745599366,299.16,1.0,1.0,0.8831,1.0,1.0,1.0,1.0,1.0,1.0,0,False,False,False,False
316,btc-updown-5m-1790745600,1790745600,1790745900,COMPLETED,74,73,0,0.0,1790745604410,1790745896112,291.7,1.0,1.0,0.8082,0.9863,1.0,1.0,1.0,1.0,1.0,0,False,False,False,False
317,btc-updown-5m-1790745900,1790745900,1790746200,COMPLETED,73,72,0,0.0,1790745901144,1790746197016,295.87,1.0,1.0,0.9167,0.9861,1.0,1.0,1.0,1.0,1.0,0,False,False,False,False
318,btc-updown-5m-1790746200,1790746200,1790746500,COMPLETED,73,72,0,0.0,1790746200453,1790746499985,299.53,1.0,1.0,0.9306,1.0,1.0,1.0,1.0,1.0,1.0,0,False,False,False,False
319,btc-updown-5m-1790746500,1790746500,1790746800,COMPLETED,69,68,0,0.0,1790746505065,1790746795357,290.29,1.0,1.0,0.9118,1.0,1.0,1.0,1.0,1.0,1.0,0,False,False,False,False
320,btc-updown-5m-1790746800,1790746800,1790747100,COMPLETED,73,72,0,0.0,1790746800509,1790747097009,296.5,1.0,1.0,0.8472,0.9861,1.0,1.0,1.0,1.0,1.0,0,False,False,False,False
321,btc-updown-5m-1790747100,1790747100,1790747400,COMPLETED,73,71,1,0.0137,1790747100438,1790747399976,299.54,1.0,1.0,0.8028,0.9859,1.0,1.0,1.0,1.0,1.0,0,False,False,False,False
322,btc-updown-5m-1790747400,1790747400,1790747700,COMPLETED,73,72,0,0.0,1790747402315,1790747699083,296.77,1.0,1.0,0.8472,1.0,1.0,1.0,1.0,1.0,1.0,0,False,False,False,False
323,btc-updown-5m-1790747700,1790747700,1790748000,COMPLETED,70,69,0,0.0,1790747704457,1790747995315,290.86,1.0,1.0,0.942,1.0,1.0,1.0,1.0,1.0,1.0,0,False,False,False,False
324,btc-updown-5m-1790748000,1790748000,1790748300,COMPLETED,72,71,0,0.0,1790748000382,1790748299057,298.68,1.0,1.0,0.8451,0.9718,1.0,1.0,1.0,1.0,1.0,0,False,False,False,False
325,btc-updown-5m-1790748300,1790748300,1790748600,COMPLETED,72,71,0,0.0,1790748302518,1790748599295,296.78,1.0,1.0,0.9296,0.9859,0.9859,1.0,1.0,1.0,1.0,0,False,False,False,False
326,btc-updown-5m-1790748600,1790748600,1790748900,COMPLETED,72,71,0,0.0,1790748604114,1790748897029,292.92,1.0,1.0,0.9296,0.9859,1.0,1.0,1.0,1.0,1.0,0,False,False,False,False
327,btc-updown-5m-1790748900,1790748900,1790749200,COMPLETED,72,71,0,0.0,1790748902409,1790749196067,293.66,1.0,1.0,0.9718,1.0,1.0,1.0,1.0,1.0,1.0,0,False,False,False,False
328,btc-updown-5m-1790749200,1790749200,1790749500,COMPLETED,71,69,1,0.0141,1790749201265,1790749499193,297.93,1.0,1.0,0.913,1.0,1.0,1.0,1.0,1.0,1.0,0,False,False,False,False
329,btc-updown-5m-1790749500,1790749500,1790749800,COMPLETED,71,70,0,0.0,1790749502326,1790749798051,295.73,1.0,1.0,1.0,1.0,1.0,1.0,1.0,1.0,1.0,0,False,False,False,False
330,btc-updown-5m-1790749800,1790749800,1790750100,COMPLETED,66,64,0,0.0,1790749803076,1790750098274,295.2,1.0,1.0,0.9688,1.0,1.0,1.0,1.0,1.0,1.0,0,False,False,False,False
331,btc-updown-5m-1790750100,1790750100,1790750400,COMPLETED,67,66,0,0.0,1790750103607,1790750399087,295.48,1.0,1.0,0.8939,0.9848,1.0,1.0,1.0,1.0,1.0,0,False,False,False,False
332,btc-updown-5m-1790750400,1790750400,1790750700,COMPLETED,72,71,0,0.0,1790750404563,1790750697027,292.46,1.0,1.0,0.9577,0.9859,1.0,1.0,1.0,1.0,1.0,0,False,False,False,False
333,btc-updown-5m-1790750700,1790750700,1790751000,COMPLETED,72,71,0,0.0,1790750702146,1790750998068,295.92,1.0,1.0,0.9859,1.0,1.0,1.0,1.0,1.0,1.0,0,False,False,False,False
334,btc-updown-5m-1790751000,1790751000,1790751300,COMPLETED,70,69,0,0.0,1790751003616,1790751296066,292.45,1.0,1.0,1.0,1.0,1.0,1.0,1.0,1.0,1.0,0,False,False,False,False
335,btc-updown-5m-1790751300,1790751300,1790751600,COMPLETED,72,70,0,0.0,1790751301562,1790751599171,297.61,1.0,1.0,0.9571,1.0,1.0,1.0,1.0,1.0,1.0,0,False,False,False,False
336,btc-updown-5m-1790751600,1790751600,1790751900,COMPLETED,71,70,0,0.0,1790751604586,1790751898089,293.5,1.0,1.0,0.9857,1.0,1.0,1.0,1.0,1.0,1.0,0,False,False,False,False
337,btc-updown-5m-1790751900,1790751900,1790752200,COMPLETED,71,70,0,0.0,1790751901611,1790752195497,293.89,1.0,1.0,0.9143,1.0,1.0,1.0,1.0,1.0,1.0,0,False,False,False,False
338,btc-updown-5m-1790752200,1790752200,1790752500,COMPLETED,73,72,0,0.0,1790752200484,1790752496095,295.61,1.0,1.0,0.9028,0.9722,1.0,1.0,1.0,1.0,1.0,0,False,False,False,False
339,btc-updown-5m-1790752500,1790752500,1790752800,COMPLETED,72,71,0,0.0,1790752501509,1790752798129,296.62,1.0,1.0,0.9155,1.0,1.0,1.0,1.0,1.0,1.0,0,False,False,False,False
340,btc-updown-5m-1790752800,1790752800,1790753100,COMPLETED,71,70,0,0.0,1790752803538,1790753098040,294.5,1.0,1.0,1.0,1.0,1.0,1.0,1.0,1.0,1.0,0,False,False,False,False
341,btc-updown-5m-1790753100,1790753100,1790753400,COMPLETED,68,66,0,0.0,1790753103168,1790753397059,293.89,1.0,1.0,0.9848,1.0,1.0,1.0,1.0,1.0,1.0,0,False,False,False,False
342,btc-updown-5m-1790753400,1790753400,1790753700,COMPLETED,71,70,0,0.0,1790753402561,1790753698105,295.54,1.0,1.0,0.9429,0.9857,1.0,1.0,1.0,1.0,1.0,0,False,False,False,False
343,btc-updown-5m-1790753700,1790753700,1790754000,COMPLETED,71,70,0,0.0,1790753703643,1790753999119,295.48,1.0,1.0,1.0,1.0,1.0,1.0,1.0,1.0,1.0,1,False,False,False,False
344,btc-updown-5m-1790754000,1790754000,1790754300,COMPLETED,73,72,0,0.0,1790754002475,1790754298241,295.77,1.0,1.0,0.9722,1.0,1.0,1.0,1.0,1.0,1.0,0,False,False,False,False
345,btc-updown-5m-1790754300,1790754300,1790754600,COMPLETED,69,68,0,0.0,1790754303481,1790754595214,291.73,1.0,1.0,0.9265,1.0,1.0,1.0,1.0,1.0,1.0,0,False,False,False,False
346,btc-updown-5m-1790754600,1790754600,1790754900,COMPLETED,70,68,0,0.0,1790754600643,1790754896477,295.83,1.0,1.0,0.9706,1.0,1.0,1.0,1.0,1.0,1.0,0,False,False,False,False
347,btc-updown-5m-1790754900,1790754900,1790755200,COMPLETED,71,69,1,0.0141,1790754901559,1790755197096,295.54,1.0,1.0,1.0,1.0,1.0,1.0,1.0,1.0,1.0,0,False,False,False,False
348,btc-updown-5m-1790755200,1790755200,1790755500,COMPLETED,72,71,0,0.0,1790755200559,1790755498087,297.53,1.0,1.0,1.0,1.0,1.0,1.0,1.0,1.0,1.0,0,False,False,False,False
349,btc-updown-5m-1790755500,1790755500,1790755800,COMPLETED,70,69,0,0.0,1790755503636,1790755799225,295.59,1.0,1.0,0.9275,1.0,1.0,1.0,1.0,1.0,1.0,0,False,False,False,False
350,btc-updown-5m-1790755800,1790755800,1790756100,COMPLETED,68,67,0,0.0,1790755804551,1790756095130,290.58,1.0,1.0,1.0,1.0,1.0,1.0,1.0,1.0,1.0,0,False,False,False,False
351,btc-updown-5m-1790756100,1790756100,1790756400,COMPLETED,71,70,0,0.0,1790756100567,1790756398121,297.55,1.0,1.0,1.0,1.0,1.0,1.0,1.0,1.0,1.0,0,False,False,False,False
352,btc-updown-5m-1790756400,1790756400,1790756700,COMPLETED,72,71,0,0.0,1790756401551,1790756699179,297.63,1.0,1.0,0.9718,1.0,1.0,1.0,1.0,1.0,1.0,0,False,False,False,False
353,btc-updown-5m-1790756700,1790756700,1790757000,COMPLETED,69,67,0,0.0,1790756704550,1790756998109,293.56,1.0,1.0,0.9552,1.0,1.0,1.0,1.0,1.0,1.0,0,False,False,False,False
354,btc-updown-5m-1790757000,1790757000,1790757300,COMPLETED,72,71,0,0.0,1790757001614,1790757298204,296.59,1.0,1.0,1.0,1.0,1.0,1.0,1.0,1.0,1.0,0,False,False,False,False
355,btc-updown-5m-1790757300,1790757300,1790757600,COMPLETED,70,69,0,0.0,1790757301575,1790757599159,297.58,1.0,1.0,0.9565,1.0,1.0,1.0,1.0,1.0,1.0,0,False,False,False,False
356,btc-updown-5m-1790757600,1790757600,1790757900,COMPLETED,70,69,0,0.0,1790757604553,1790757897113,292.56,1.0,1.0,0.942,1.0,1.0,1.0,1.0,1.0,1.0,0,False,False,False,False
357,btc-updown-5m-1790757900,1790757900,1790758200,COMPLETED,70,69,0,0.0,1790757902638,1790758199424,296.79,1.0,1.0,0.9275,0.9855,1.0,1.0,1.0,1.0,1.0,0,False,False,False,False
358,btc-updown-5m-1790758200,1790758200,1790758500,COMPLETED,69,68,0,0.0,1790758204520,1790758497195,292.68,1.0,1.0,0.9853,0.9853,1.0,1.0,1.0,1.0,1.0,0,False,False,False,False
359,btc-updown-5m-1790758500,1790758500,1790758800,COMPLETED,71,69,0,0.0,1790758502473,1790758798277,295.8,1.0,1.0,0.9275,1.0,1.0,1.0,1.0,1.0,1.0,0,False,False,False,False
360,btc-updown-5m-1790758800,1790758800,1790759100,COMPLETED,70,68,0,0.0,1790758803550,1790759096347,292.8,1.0,1.0,0.9853,1.0,1.0,1.0,1.0,1.0,1.0,0,False,False,False,False
361,btc-updown-5m-1790759100,1790759100,1790759400,COMPLETED,71,70,0,0.0,1790759101567,1790759397256,295.69,1.0,1.0,0.9857,1.0,1.0,1.0,1.0,1.0,1.0,1,False,False,False,False
362,btc-updown-5m-1790759400,1790759400,1790759700,COMPLETED,70,69,0,0.0,1790759402323,1790759697167,294.84,1.0,1.0,0.9855,1.0,1.0,1.0,1.0,1.0,1.0,0,False,False,False,False
363,btc-updown-5m-1790759700,1790759700,1790760000,COMPLETED,67,66,0,0.0,1790759702164,1790759999123,296.96,1.0,1.0,0.9848,1.0,1.0,1.0,1.0,1.0,1.0,1,False,False,False,False
364,btc-updown-5m-1790760000,1790760000,1790760300,COMPLETED,70,68,0,0.0,1790760002719,1790760297101,294.38,1.0,1.0,0.9559,1.0,1.0,1.0,1.0,1.0,1.0,0,False,False,False,False
365,btc-updown-5m-1790760300,1790760300,1790760600,COMPLETED,71,70,0,0.0,1790760300564,1790760595502,294.94,1.0,1.0,0.9857,1.0,1.0,1.0,1.0,1.0,1.0,0,False,False,False,False
366,btc-updown-5m-1790760600,1790760600,1790760900,COMPLETED,68,66,0,0.0,1790760600403,1790760897137,296.73,1.0,1.0,0.9697,1.0,1.0,1.0,1.0,1.0,1.0,0,False,False,False,False
367,btc-updown-5m-1790760900,1790760900,1790761200,COMPLETED,69,68,0,0.0,1790760900673,1790761196508,295.83,1.0,1.0,0.9853,0.9853,1.0,1.0,1.0,1.0,1.0,0,False,False,False,False
368,btc-updown-5m-1790761200,1790761200,1790761500,COMPLETED,72,71,0,0.0,1790761201521,1790761499137,297.62,1.0,1.0,0.9859,1.0,1.0,1.0,1.0,1.0,1.0,0,False,False,False,False
369,btc-updown-5m-1790761500,1790761500,1790761800,COMPLETED,69,68,0,0.0,1790761504652,1790761798349,293.7,1.0,1.0,0.9412,1.0,1.0,1.0,1.0,1.0,1.0,0,False,False,False,False
370,btc-updown-5m-1790761800,1790761800,1790762100,COMPLETED,69,68,0,0.0,1790761803591,1790762096545,292.95,1.0,1.0,0.9265,1.0,1.0,1.0,1.0,1.0,1.0,0,False,False,False,False
371,btc-updown-5m-1790762100,1790762100,1790762400,COMPLETED,64,63,0,0.0,1790762101375,1790762395258,293.88,1.0,1.0,0.9683,1.0,1.0,1.0,1.0,1.0,1.0,0,False,False,False,False
372,btc-updown-5m-1790762400,1790762400,1790762700,COMPLETED,66,64,0,0.0,1790762400258,1790762698140,297.88,1.0,1.0,1.0,1.0,1.0,1.0,1.0,1.0,1.0,0,False,False,False,False
373,btc-updown-5m-1790762700,1790762700,1790763000,COMPLETED,69,68,0,0.0,1790762701667,1790762995154,293.49,1.0,1.0,0.9853,1.0,1.0,1.0,1.0,1.0,1.0,0,False,False,False,False
374,btc-updown-5m-1790763000,1790763000,1790763300,COMPLETED,71,70,0,0.0,1790763000354,1790763298579,298.23,1.0,1.0,0.9714,1.0,1.0,1.0,1.0,1.0,1.0,0,False,False,False,False
375,btc-updown-5m-1790763300,1790763300,1790763600,COMPLETED,60,56,1,0.0167,1790763303226,1790763599200,295.97,1.0,1.0,0.9821,1.0,1.0,1.0,1.0,1.0,1.0,0,False,False,False,False
376,btc-updown-5m-1790763600,1790763600,1790763900,COMPLETED,62,61,0,0.0,1790763605763,1790763897654,291.89,1.0,1.0,1.0,1.0,1.0,1.0,1.0,1.0,1.0,0,False,False,False,False
377,btc-updown-5m-1790763900,1790763900,1790764200,COMPLETED,1,0,1,1.0,1790764125007,1790764125007,1.0,1.0,1.0,0.0,0.0,0.0,0.0,0.0,0.0,0.0,0,True,True,True,True
378,btc-updown-5m-1790770200,1790770200,1790770500,COMPLETED,32,31,1,0.0312,1790770428169,1790770499004,70.83,0.9688,0.9688,0.871,1.0,1.0,0.9355,0.871,0.5806,0.0968,0,True,False,True,False
379,btc-updown-5m-1790770500,1790770500,1790770800,COMPLETED,76,73,0,0.0,1790770503542,1790770798582,295.04,1.0,1.0,0.9452,1.0,1.0,1.0,1.0,1.0,1.0,0,False,False,False,False
380,btc-updown-5m-1790770800,1790770800,1790771100,COMPLETED,66,64,0,0.0,1790770803594,1790771096162,292.57,1.0,1.0,0.9844,1.0,1.0,1.0,1.0,1.0,1.0,0,False,False,False,False
381,btc-updown-5m-1790771100,1790771100,1790771400,COMPLETED,67,66,0,0.0,1790771101233,1790771396450,295.22,1.0,1.0,1.0,1.0,1.0,1.0,1.0,1.0,1.0,0,False,False,False,False
382,btc-updown-5m-1790771400,1790771400,1790771700,COMPLETED,69,67,1,0.0145,1790771401235,1790771699218,297.98,1.0,1.0,0.9104,0.9403,0.9552,1.0,1.0,1.0,1.0,0,False,False,False,False
383,btc-updown-5m-1790771700,1790771700,1790772000,COMPLETED,66,65,0,0.0,1790771704487,1790771998186,293.7,1.0,1.0,0.9692,0.9846,1.0,1.0,1.0,1.0,1.0,0,False,False,False,False
384,btc-updown-5m-1790772000,1790772000,1790772300,COMPLETED,62,61,0,0.0,1790772003353,1790772299158,295.81,1.0,1.0,0.9836,1.0,1.0,1.0,1.0,1.0,1.0,0,False,False,False,False
385,btc-updown-5m-1790772300,1790772300,1790772600,COMPLETED,64,63,0,0.0,1790772302817,1790772595743,292.93,1.0,1.0,1.0,1.0,1.0,1.0,1.0,1.0,1.0,0,False,False,False,False
386,btc-updown-5m-1790772600,1790772600,1790772900,COMPLETED,59,58,0,0.0,1790772600762,1790772896973,296.21,1.0,1.0,0.9828,0.9828,1.0,1.0,1.0,1.0,1.0,0,False,False,False,False
387,btc-updown-5m-1790772900,1790772900,1790773200,COMPLETED,62,61,0,0.0,1790772902964,1790773198024,295.06,1.0,1.0,1.0,1.0,1.0,1.0,1.0,1.0,1.0,0,False,False,False,False
388,btc-updown-5m-1790773200,1790773200,1790773500,COMPLETED,61,60,0,0.0,1790773205566,1790773499301,293.74,1.0,1.0,1.0,1.0,1.0,1.0,1.0,1.0,1.0,0,False,False,False,False
389,btc-updown-5m-1790773500,1790773500,1790773800,COMPLETED,62,61,0,0.0,1790773502327,1790773795210,292.88,1.0,1.0,0.9672,0.9836,0.9836,1.0,1.0,1.0,1.0,0,False,False,False,False
390,btc-updown-5m-1790773800,1790773800,1790774100,COMPLETED,52,51,0,0.0,1790773801125,1790774099791,298.67,1.0,1.0,0.9804,1.0,1.0,1.0,1.0,1.0,1.0,0,False,False,False,False
391,btc-updown-5m-1790774100,1790774100,1790774400,COMPLETED,49,48,0,0.0,1790774106684,1790774396310,289.63,1.0,1.0,1.0,1.0,1.0,1.0,1.0,1.0,1.0,0,False,False,False,False
392,btc-updown-5m-1790774400,1790774400,1790774700,COMPLETED,44,43,0,0.0,1790774403074,1790774698095,295.02,1.0,1.0,1.0,1.0,1.0,1.0,1.0,1.0,1.0,0,False,False,False,False
393,btc-updown-5m-1790774700,1790774700,1790775000,COMPLETED,50,49,0,0.0,1790774708970,1790774997523,288.55,1.0,1.0,1.0,1.0,1.0,1.0,1.0,1.0,1.0,0,False,False,False,False
394,btc-updown-5m-1790775000,1790775000,1790775300,COMPLETED,48,47,0,0.0,1790775004035,1790775299581,295.55,1.0,1.0,1.0,1.0,1.0,1.0,1.0,1.0,1.0,0,False,False,False,False
395,btc-updown-5m-1790775300,1790775300,1790775600,COMPLETED,54,53,0,0.0,1790775307882,1790775597448,289.57,1.0,1.0,0.7925,0.8868,0.9434,0.9811,1.0,1.0,1.0,0,False,False,False,False
396,btc-updown-5m-1790775600,1790775600,1790775900,COMPLETED,61,60,0,0.0,1790775603011,1790775899603,296.59,1.0,1.0,0.9833,1.0,1.0,1.0,1.0,1.0,1.0,0,False,False,False,False
397,btc-updown-5m-1790775900,1790775900,1790776200,COMPLETED,61,60,0,0.0,1790775904628,1790776195207,290.58,1.0,1.0,1.0,1.0,1.0,1.0,1.0,1.0,1.0,0,False,False,False,False
398,btc-updown-5m-1790776200,1790776200,1790776500,COMPLETED,63,62,0,0.0,1790776200314,1790776498211,297.9,1.0,1.0,0.9677,1.0,1.0,1.0,1.0,1.0,1.0,0,False,False,False,False
399,btc-updown-5m-1790776500,1790776500,1790776800,COMPLETED,63,62,0,0.0,1790776501304,1790776797232,295.93,1.0,1.0,1.0,1.0,1.0,1.0,1.0,1.0,1.0,0,False,False,False,False
400,btc-updown-5m-1790776800,1790776800,1790777100,COMPLETED,55,51,3,0.0545,1790776800320,1790777097740,297.42,1.0,1.0,1.0,1.0,1.0,1.0,1.0,1.0,1.0,0,False,False,False,False
401,btc-updown-5m-1790777100,1790777100,1790777400,COMPLETED,3,0,3,1.0,1790777106903,1790777117220,10.32,1.0,1.0,0.0,0.0,0.0,0.0,0.0,0.0,0.0,0,False,True,True,True
402,btc-updown-5m-1790781600,1790781600,1790781900,COMPLETED,17,10,7,0.4118,1790781861935,1790781897003,35.07,0.9412,0.9412,0.6,1.0,0.9,0.8,0.8,0.4,0.0,0,True,False,True,True
403,btc-updown-5m-1790781900,1790781900,1790782200,COMPLETED,74,69,1,0.0135,1790781900077,1790782193189,293.11,1.0,1.0,0.971,1.0,1.0,1.0,1.0,1.0,0.8406,4,False,False,False,False
404,btc-updown-5m-1790782200,1790782200,1790782500,COMPLETED,63,45,17,0.2698,1790782201090,1790782497918,296.83,1.0,1.0,0.8,0.8889,0.9333,0.9778,1.0,1.0,1.0,7,False,False,False,False
405,btc-updown-5m-1790782500,1790782500,1790782800,COMPLETED,60,56,3,0.05,1790782503751,1790782796852,293.1,1.0,1.0,0.9286,1.0,1.0,1.0,1.0,1.0,1.0,3,False,False,False,False
406,btc-updown-5m-1790782800,1790782800,1790783100,COMPLETED,60,59,0,0.0,1790782802298,1790783096381,294.08,1.0,1.0,0.9831,1.0,1.0,1.0,1.0,1.0,1.0,0,False,False,False,False
407,btc-updown-5m-1790783100,1790783100,1790783400,COMPLETED,62,49,11,0.1774,1790783102250,1790783397226,294.98,1.0,1.0,0.9796,1.0,1.0,1.0,1.0,1.0,1.0,9,False,False,False,False
408,btc-updown-5m-1790783400,1790783400,1790783700,COMPLETED,53,50,1,0.0189,1790783403936,1790783695182,291.25,1.0,1.0,1.0,1.0,1.0,1.0,1.0,1.0,1.0,1,False,False,False,False
409,btc-updown-5m-1790783700,1790783700,1790784000,COMPLETED,57,56,0,0.0,1790783700339,1790783997507,297.17,1.0,1.0,0.9643,1.0,1.0,1.0,1.0,1.0,1.0,0,False,False,False,False
410,btc-updown-5m-1790784000,1790784000,1790784300,COMPLETED,63,62,0,0.0,1790784002798,1790784298195,295.4,1.0,1.0,0.9839,1.0,1.0,1.0,1.0,1.0,1.0,1,False,False,False,False
411,btc-updown-5m-1790784300,1790784300,1790784600,COMPLETED,59,55,2,0.0339,1790784301780,1790784595378,293.6,1.0,1.0,1.0,1.0,1.0,1.0,1.0,1.0,1.0,0,False,False,False,False
412,btc-updown-5m-1790784600,1790784600,1790784900,COMPLETED,65,64,0,0.0,1790784600706,1790784898212,297.51,1.0,1.0,1.0,1.0,1.0,1.0,1.0,1.0,1.0,0,False,False,False,False
413,btc-updown-5m-1790784900,1790784900,1790785200,COMPLETED,52,51,0,0.0,1790784904847,1790785195337,290.49,1.0,1.0,1.0,1.0,1.0,1.0,1.0,1.0,1.0,1,False,False,False,False
414,btc-updown-5m-1790785200,1790785200,1790785500,COMPLETED,56,54,1,0.0179,1790785201419,1790785498306,296.89,1.0,1.0,1.0,1.0,1.0,1.0,1.0,1.0,1.0,0,False,False,False,False
415,btc-updown-5m-1790785500,1790785500,1790785800,COMPLETED,59,58,0,0.0,1790785503780,1790785798490,294.71,1.0,1.0,1.0,1.0,1.0,1.0,1.0,1.0,1.0,0,False,False,False,False
416,btc-updown-5m-1790785800,1790785800,1790786100,COMPLETED,57,56,0,0.0,1790785805304,1790786099243,293.94,1.0,1.0,1.0,1.0,1.0,1.0,1.0,1.0,1.0,0,False,False,False,False
417,btc-updown-5m-1790786100,1790786100,1790786400,COMPLETED,53,52,0,0.0,1790786105325,1790786394276,288.95,1.0,1.0,0.9808,1.0,1.0,1.0,1.0,1.0,1.0,0,False,False,False,False
418,btc-updown-5m-1790786400,1790786400,1790786700,COMPLETED,57,55,0,0.0,1790786400821,1790786695642,294.82,1.0,1.0,0.9273,1.0,1.0,1.0,1.0,1.0,1.0,0,False,False,False,False
419,btc-updown-5m-1790786700,1790786700,1790787000,COMPLETED,65,64,0,0.0,1790786701853,1790786998124,296.27,1.0,1.0,0.9844,1.0,1.0,1.0,1.0,1.0,1.0,0,False,False,False,False
420,btc-updown-5m-1790787000,1790787000,1790787300,COMPLETED,67,66,0,0.0,1790787001654,1790787299398,297.74,1.0,1.0,0.9545,1.0,1.0,1.0,1.0,1.0,1.0,0,False,False,False,False
421,btc-updown-5m-1790787300,1790787300,1790787600,COMPLETED,67,66,0,0.0,1790787305364,1790787598135,292.77,1.0,1.0,0.9697,1.0,1.0,1.0,1.0,1.0,1.0,0,False,False,False,False
422,btc-updown-5m-1790787600,1790787600,1790787900,COMPLETED,67,66,0,0.0,1790787601167,1790787899639,298.47,1.0,1.0,0.9545,1.0,1.0,1.0,1.0,1.0,1.0,0,False,False,False,False
423,btc-updown-5m-1790787900,1790787900,1790788200,COMPLETED,65,63,0,0.0,1790787905912,1790788199973,294.06,1.0,1.0,0.9365,1.0,1.0,1.0,1.0,1.0,1.0,0,False,False,False,False
424,btc-updown-5m-1790788200,1790788200,1790788500,COMPLETED,64,63,0,0.0,1790788205732,1790788499626,293.89,1.0,1.0,0.9524,1.0,1.0,1.0,1.0,1.0,1.0,0,False,False,False,False
425,btc-updown-5m-1790788500,1790788500,1790788800,COMPLETED,67,65,0,0.0,1790788504661,1790788797294,292.63,1.0,1.0,0.9846,1.0,1.0,1.0,1.0,1.0,1.0,0,False,False,False,False
426,btc-updown-5m-1790788800,1790788800,1790789100,COMPLETED,53,52,0,0.0,1790788802838,1790789095585,292.75,1.0,1.0,0.9615,1.0,1.0,1.0,1.0,1.0,1.0,0,False,False,False,False
427,btc-updown-5m-1790789100,1790789100,1790789400,COMPLETED,53,52,0,0.0,1790789104258,1790789396212,291.95,1.0,1.0,0.9808,1.0,1.0,1.0,1.0,1.0,1.0,0,False,False,False,False
428,btc-updown-5m-1790789400,1790789400,1790789700,COMPLETED,66,65,0,0.0,1790789401680,1790789698126,296.45,1.0,1.0,0.9231,1.0,1.0,1.0,1.0,1.0,1.0,0,False,False,False,False
429,btc-updown-5m-1790789700,1790789700,1790790000,COMPLETED,68,67,0,0.0,1790789703186,1790789995676,292.49,1.0,1.0,1.0,1.0,1.0,1.0,1.0,1.0,1.0,0,False,False,False,False
430,btc-updown-5m-1790790000,1790790000,1790790300,COMPLETED,68,67,0,0.0,1790790000237,1790790299617,299.38,1.0,1.0,0.9254,1.0,1.0,1.0,1.0,1.0,1.0,0,False,False,False,False
431,btc-updown-5m-1790790300,1790790300,1790790600,COMPLETED,64,63,0,0.0,1790790304826,1790790598315,293.49,1.0,1.0,0.9365,1.0,1.0,1.0,1.0,1.0,1.0,0,False,False,False,False
432,btc-updown-5m-1790790600,1790790600,1790790900,COMPLETED,57,56,0,0.0,1790790601845,1790790896326,294.48,1.0,1.0,0.9464,1.0,1.0,1.0,1.0,1.0,1.0,0,False,False,False,False
433,btc-updown-5m-1790790900,1790790900,1790791200,COMPLETED,56,55,0,0.0,1790790901850,1790791197626,295.78,1.0,1.0,0.9091,1.0,1.0,1.0,1.0,1.0,1.0,0,False,False,False,False
434,btc-updown-5m-1790791200,1790791200,1790791500,COMPLETED,56,55,0,0.0,1790791203075,1790791495344,292.27,1.0,1.0,0.9091,1.0,1.0,1.0,1.0,1.0,1.0,0,False,False,False,False
435,btc-updown-5m-1790791500,1790791500,1790791800,COMPLETED,56,55,0,0.0,1790791500911,1790791795276,294.37,1.0,1.0,0.9455,0.9818,1.0,1.0,1.0,1.0,1.0,0,False,False,False,False
436,btc-updown-5m-1790791800,1790791800,1790792100,COMPLETED,65,63,0,0.0,1790791800745,1790792099319,298.57,1.0,1.0,0.9683,1.0,1.0,1.0,1.0,1.0,1.0,0,False,False,False,False
437,btc-updown-5m-1790792100,1790792100,1790792400,COMPLETED,61,60,0,0.0,1790792104616,1790792399347,294.73,1.0,1.0,0.8667,0.9833,0.9833,1.0,1.0,1.0,1.0,0,False,False,False,False
438,btc-updown-5m-1790792400,1790792400,1790792700,COMPLETED,61,60,0,0.0,1790792404984,1790792699329,294.35,1.0,1.0,0.9167,0.9833,1.0,1.0,1.0,1.0,1.0,0,False,False,False,False
439,btc-updown-5m-1790792700,1790792700,1790793000,COMPLETED,63,62,0,0.0,1790792702367,1790792997466,295.1,1.0,1.0,0.9194,1.0,1.0,1.0,1.0,1.0,1.0,0,False,False,False,False
440,btc-updown-5m-1790793000,1790793000,1790793300,COMPLETED,62,61,0,0.0,1790793002872,1790793299349,296.48,1.0,1.0,0.9672,1.0,1.0,1.0,1.0,1.0,1.0,0,False,False,False,False
441,btc-updown-5m-1790793300,1790793300,1790793600,COMPLETED,60,59,0,0.0,1790793304911,1790793597635,292.72,1.0,1.0,0.9661,1.0,1.0,1.0,1.0,1.0,1.0,1,False,False,False,False
442,btc-updown-5m-1790793600,1790793600,1790793900,COMPLETED,59,58,0,0.0,1790793603645,1790793898320,294.68,1.0,1.0,0.931,1.0,1.0,1.0,1.0,1.0,1.0,0,False,False,False,False
443,btc-updown-5m-1790793900,1790793900,1790794200,COMPLETED,61,60,0,0.0,1790793903501,1790794197466,293.96,1.0,1.0,0.9,0.9667,1.0,1.0,1.0,1.0,1.0,0,False,False,False,False
444,btc-updown-5m-1790794200,1790794200,1790794500,COMPLETED,63,62,0,0.0,1790794202789,1790794495351,292.56,1.0,1.0,0.871,1.0,1.0,1.0,1.0,1.0,1.0,0,False,False,False,False
445,btc-updown-5m-1790794500,1790794500,1790794800,COMPLETED,65,64,0,0.0,1790794500421,1790794799408,298.99,1.0,1.0,0.8906,1.0,1.0,1.0,1.0,1.0,1.0,0,False,False,False,False
446,btc-updown-5m-1790794800,1790794800,1790795100,COMPLETED,59,58,0,0.0,1790794804945,1790795097343,292.4,1.0,1.0,0.8793,1.0,1.0,1.0,1.0,1.0,1.0,0,False,False,False,False
447,btc-updown-5m-1790795100,1790795100,1790795400,COMPLETED,59,58,0,0.0,1790795103474,1790795395727,292.25,1.0,1.0,0.8621,0.9828,1.0,1.0,1.0,1.0,1.0,0,False,False,False,False
448,btc-updown-5m-1790795400,1790795400,1790795700,COMPLETED,63,62,0,0.0,1790795401445,1790795694393,292.95,1.0,1.0,0.9677,1.0,1.0,1.0,1.0,1.0,1.0,0,False,False,False,False
449,btc-updown-5m-1790795700,1790795700,1790796000,COMPLETED,63,61,0,0.0,1790795700883,1790795998387,297.5,1.0,1.0,1.0,1.0,1.0,1.0,1.0,1.0,1.0,0,False,False,False,False
450,btc-updown-5m-1790796000,1790796000,1790796300,COMPLETED,60,58,0,0.0,1790796003986,1790796299339,295.35,1.0,1.0,0.931,1.0,1.0,1.0,1.0,1.0,1.0,0,False,False,False,False
451,btc-updown-5m-1790796300,1790796300,1790796600,COMPLETED,60,58,0,0.0,1790796302777,1790796595650,292.87,1.0,1.0,0.8276,1.0,1.0,1.0,1.0,1.0,1.0,0,False,False,False,False
452,btc-updown-5m-1790796600,1790796600,1790796900,COMPLETED,59,58,0,0.0,1790796601631,1790796897476,295.85,1.0,1.0,0.9828,1.0,1.0,1.0,1.0,1.0,1.0,0,False,False,False,False
453,btc-updown-5m-1790796900,1790796900,1790797200,COMPLETED,58,57,0,0.0,1790796902967,1790797196736,293.77,1.0,1.0,0.9474,0.9825,0.9825,1.0,1.0,1.0,1.0,0,False,False,False,False
454,btc-updown-5m-1790797200,1790797200,1790797500,COMPLETED,58,57,0,0.0,1790797202929,1790797496904,293.98,1.0,1.0,0.9298,0.9649,1.0,1.0,1.0,1.0,1.0,0,False,False,False,False
455,btc-updown-5m-1790797500,1790797500,1790797800,COMPLETED,55,54,0,0.0,1790797502976,1790797796400,293.42,1.0,1.0,0.963,1.0,1.0,1.0,1.0,1.0,1.0,0,False,False,False,False
456,btc-updown-5m-1790797800,1790797800,1790798100,COMPLETED,63,62,0,0.0,1790797801905,1790798097368,295.46,1.0,1.0,0.9839,1.0,1.0,1.0,1.0,1.0,1.0,1,False,False,False,False
457,btc-updown-5m-1790798100,1790798100,1790798400,COMPLETED,61,60,0,0.0,1790798100547,1790798397400,296.85,1.0,1.0,0.9167,0.9833,1.0,1.0,1.0,1.0,1.0,0,False,False,False,False
458,btc-updown-5m-1790798400,1790798400,1790798700,COMPLETED,58,57,0,0.0,1790798400893,1790798696495,295.6,1.0,1.0,0.9298,1.0,1.0,1.0,1.0,1.0,1.0,0,False,False,False,False
459,btc-updown-5m-1790798700,1790798700,1790799000,COMPLETED,58,57,0,0.0,1790798703165,1790798996362,293.2,1.0,1.0,0.9474,0.9825,0.9825,1.0,1.0,1.0,1.0,0,False,False,False,False
460,btc-updown-5m-1790799000,1790799000,1790799300,COMPLETED,61,60,0,0.0,1790799001985,1790799296451,294.47,1.0,1.0,0.9667,1.0,1.0,1.0,1.0,1.0,1.0,0,False,False,False,False
461,btc-updown-5m-1790799300,1790799300,1790799600,COMPLETED,55,54,0,0.0,1790799301951,1790799599489,297.54,1.0,1.0,1.0,1.0,1.0,1.0,1.0,1.0,1.0,0,False,False,False,False
462,btc-updown-5m-1790799600,1790799600,1790799900,COMPLETED,59,58,0,0.0,1790799605589,1790799895433,289.84,1.0,1.0,0.9655,1.0,1.0,1.0,1.0,1.0,1.0,0,False,False,False,False
463,btc-updown-5m-1790799900,1790799900,1790800200,COMPLETED,60,59,0,0.0,1790799900477,1790800199693,299.22,1.0,1.0,0.9153,1.0,1.0,1.0,1.0,1.0,1.0,0,False,False,False,False
464,btc-updown-5m-1790800200,1790800200,1790800500,COMPLETED,55,52,2,0.0364,1790800205749,1790800496520,290.77,1.0,1.0,0.9423,1.0,1.0,1.0,1.0,1.0,1.0,0,False,False,False,False
465,btc-updown-5m-1790800500,1790800500,1790800800,COMPLETED,55,54,0,0.0,1790800501960,1790800798593,296.63,1.0,1.0,0.7963,0.9815,0.9815,1.0,1.0,1.0,1.0,0,False,False,False,False
466,btc-updown-5m-1790800800,1790800800,1790801100,COMPLETED,53,52,0,0.0,1790800805059,1790801097501,292.44,1.0,1.0,0.8846,0.9808,0.9808,1.0,1.0,1.0,1.0,0,False,False,False,False
467,btc-updown-5m-1790801100,1790801100,1790801400,COMPLETED,57,56,0,0.0,1790801102875,1790801397341,294.47,1.0,1.0,0.875,0.9821,0.9821,1.0,1.0,1.0,1.0,0,False,False,False,False
468,btc-updown-5m-1790801400,1790801400,1790801700,COMPLETED,59,57,1,0.0169,1790801400399,1790801697359,296.96,1.0,1.0,0.7368,0.9649,0.9825,1.0,1.0,1.0,1.0,0,False,False,False,False
469,btc-updown-5m-1790801700,1790801700,1790802000,COMPLETED,52,51,0,0.0,1790801703075,1790801995396,292.32,1.0,1.0,0.8235,0.9608,0.9804,1.0,1.0,1.0,1.0,0,False,False,False,False
470,btc-updown-5m-1790802000,1790802000,1790802300,COMPLETED,60,58,0,0.0,1790802001077,1790802299420,298.34,1.0,1.0,1.0,1.0,1.0,1.0,1.0,1.0,1.0,0,False,False,False,False
471,btc-updown-5m-1790802300,1790802300,1790802600,COMPLETED,52,51,0,0.0,1790802304695,1790802598785,294.09,1.0,1.0,0.9804,1.0,1.0,1.0,1.0,1.0,1.0,0,False,False,False,False
472,btc-updown-5m-1790802600,1790802600,1790802900,COMPLETED,55,54,0,0.0,1790802605104,1790802898696,293.59,1.0,1.0,0.9815,1.0,1.0,1.0,1.0,1.0,1.0,0,False,False,False,False
473,btc-updown-5m-1790802900,1790802900,1790803200,COMPLETED,57,56,0,0.0,1790802905118,1790803195425,290.31,1.0,1.0,0.9464,0.9821,1.0,1.0,1.0,1.0,1.0,0,False,False,False,False
474,btc-updown-5m-1790803200,1790803200,1790803500,COMPLETED,56,53,1,0.0179,1790803201131,1790803496058,294.93,1.0,1.0,0.8868,0.9811,1.0,1.0,1.0,1.0,1.0,0,False,False,False,False
475,btc-updown-5m-1790803500,1790803500,1790803800,COMPLETED,51,49,2,0.0392,1790803502010,1790803796962,294.95,1.0,1.0,0.7143,0.9592,1.0,1.0,1.0,1.0,1.0,0,False,False,False,False
476,btc-updown-5m-1790803800,1790803800,1790804100,COMPLETED,54,53,0,0.0,1790803802893,1790804096555,293.66,1.0,1.0,0.8491,0.9811,1.0,1.0,1.0,1.0,1.0,0,False,False,False,False
477,btc-updown-5m-1790804100,1790804100,1790804400,COMPLETED,50,49,0,0.0,1790804102526,1790804396497,293.97,1.0,1.0,1.0,1.0,1.0,1.0,1.0,1.0,1.0,0,False,False,False,False
478,btc-updown-5m-1790804400,1790804400,1790804700,COMPLETED,54,53,0,0.0,1790804402542,1790804699427,296.88,1.0,1.0,0.7736,0.9434,1.0,1.0,1.0,1.0,1.0,0,False,False,False,False
479,btc-updown-5m-1790804700,1790804700,1790805000,COMPLETED,57,56,0,0.0,1790804704449,1790804995019,290.57,1.0,1.0,0.5893,0.9464,0.9821,1.0,1.0,1.0,1.0,0,False,False,False,False
480,btc-updown-5m-1790805000,1790805000,1790805300,COMPLETED,57,56,0,0.0,1790805001026,1790805298392,297.37,1.0,1.0,0.9643,0.9821,1.0,1.0,1.0,1.0,1.0,0,False,False,False,False
481,btc-updown-5m-1790805300,1790805300,1790805600,COMPLETED,55,53,0,0.0,1790805304623,1790805596445,291.82,1.0,1.0,0.9434,1.0,1.0,1.0,1.0,1.0,1.0,0,False,False,False,False
482,btc-updown-5m-1790805600,1790805600,1790805900,COMPLETED,54,53,0,0.0,1790805603050,1790805899499,296.45,1.0,1.0,0.9811,1.0,1.0,1.0,1.0,1.0,1.0,0,False,False,False,False
483,btc-updown-5m-1790805900,1790805900,1790806200,COMPLETED,55,54,0,0.0,1790805904585,1790806197501,292.92,1.0,1.0,0.9815,1.0,1.0,1.0,1.0,1.0,1.0,0,False,False,False,False
484,btc-updown-5m-1790806200,1790806200,1790806500,COMPLETED,54,53,0,0.0,1790806203612,1790806497956,294.34,1.0,1.0,0.9057,0.9811,1.0,1.0,1.0,1.0,1.0,0,False,False,False,False
485,btc-updown-5m-1790806500,1790806500,1790806800,COMPLETED,53,52,0,0.0,1790806504369,1790806799445,295.08,1.0,1.0,0.8462,0.9615,1.0,1.0,1.0,1.0,1.0,0,False,False,False,False
486,btc-updown-5m-1790806800,1790806800,1790807100,COMPLETED,54,53,0,0.0,1790806805102,1790807094426,289.32,1.0,1.0,0.6981,0.9434,0.9811,1.0,1.0,1.0,1.0,0,False,False,False,False
487,btc-updown-5m-1790807100,1790807100,1790807400,COMPLETED,61,60,0,0.0,1790807100537,1790807399426,298.89,1.0,1.0,0.8167,0.9833,1.0,1.0,1.0,1.0,1.0,0,False,False,False,False
488,btc-updown-5m-1790807400,1790807400,1790807700,COMPLETED,52,51,0,0.0,1790807403060,1790807695552,292.49,1.0,1.0,0.8824,0.9804,1.0,1.0,1.0,1.0,1.0,0,False,False,False,False
489,btc-updown-5m-1790807700,1790807700,1790808000,COMPLETED,53,52,0,0.0,1790807702094,1790807995438,293.34,1.0,1.0,0.6923,0.9038,0.9808,1.0,1.0,1.0,1.0,0,False,False,False,False
490,btc-updown-5m-1790808000,1790808000,1790808300,COMPLETED,52,51,0,0.0,1790808001149,1790808297023,295.87,1.0,1.0,0.7451,0.9804,0.9804,1.0,1.0,1.0,1.0,0,False,False,False,False
491,btc-updown-5m-1790808300,1790808300,1790808600,COMPLETED,51,50,0,0.0,1790808303055,1790808597399,294.34,1.0,1.0,0.88,0.96,1.0,1.0,1.0,1.0,1.0,0,False,False,False,False
492,btc-updown-5m-1790808600,1790808600,1790808900,COMPLETED,47,46,0,0.0,1790808603584,1790808896612,293.03,1.0,1.0,0.8043,0.913,0.9783,1.0,1.0,1.0,1.0,0,False,False,False,False
493,btc-updown-5m-1790808900,1790808900,1790809200,COMPLETED,59,58,0,0.0,1790808903000,1790809195376,292.38,1.0,1.0,0.8448,0.9828,1.0,1.0,1.0,1.0,1.0,0,False,False,False,False
494,btc-updown-5m-1790809200,1790809200,1790809500,COMPLETED,57,56,0,0.0,1790809200314,1790809498543,298.23,1.0,1.0,0.9286,1.0,1.0,1.0,1.0,1.0,1.0,0,False,False,False,False
495,btc-updown-5m-1790809500,1790809500,1790809800,COMPLETED,51,50,0,0.0,1790809504585,1790809796601,292.02,1.0,1.0,0.96,1.0,1.0,1.0,1.0,1.0,1.0,0,False,False,False,False
496,btc-updown-5m-1790809800,1790809800,1790810100,COMPLETED,50,49,0,0.0,1790809802627,1790810097961,295.33,1.0,1.0,0.8163,0.9592,0.9796,1.0,1.0,1.0,1.0,0,False,False,False,False
497,btc-updown-5m-1790810100,1790810100,1790810400,COMPLETED,50,49,0,0.0,1790810103574,1790810399893,296.32,1.0,1.0,0.7755,0.9592,1.0,1.0,1.0,1.0,1.0,0,False,False,False,False
498,btc-updown-5m-1790810400,1790810400,1790810700,COMPLETED,55,54,0,0.0,1790810407068,1790810695282,288.21,1.0,1.0,0.8519,0.963,0.963,1.0,1.0,1.0,1.0,0,False,False,False,False
499,btc-updown-5m-1790810700,1790810700,1790811000,COMPLETED,56,55,0,0.0,1790810700825,1790810998615,297.79,1.0,1.0,0.9273,0.9818,1.0,1.0,1.0,1.0,1.0,0,False,False,False,False
500,btc-updown-5m-1790811000,1790811000,1790811300,COMPLETED,1,0,0,0.0,1790811005074,1790811005074,1.0,1.0,1.0,0.0,0.0,0.0,0.0,0.0,0.0,0.0,0,False,True,True,True
