feature_name,domain,total_rows,non_null_all,coverage_all_pct,non_null_valid,coverage_valid_pct,finite_pct,unique_values,mean,std,min,p25,median,p75,max,measurement_validity
poly_best_bid,Polymarket,149461,148390,99.28,148125,100.0,100.0,188,0.4978,0.3534,0.0,0.16,0.5,0.85,0.999,VALID_MEASUREMENT
poly_best_ask,Polymarket,149461,148398,99.29,148125,100.0,100.0,189,0.5078,0.3534,0.001,0.17,0.51,0.86,1.0,VALID_MEASUREMENT
poly_midpoint,Polymarket,149461,148318,99.24,148125,100.0,100.0,350,0.5028,0.3533,0.0005,0.165,0.505,0.855,0.9995,VALID_MEASUREMENT
poly_spread,Polymarket,149461,133270,89.17,133077,89.84,100.0,38,0.0102,0.0049,0.001,0.01,0.01,0.01,0.45,PARTIAL_MEASUREMENT
seconds_remaining,Polymarket,149461,149461,100.0,148125,100.0,100.0,301,149.8818,86.1799,1.0,75.0,150.0,225.0,300.0,VALID_MEASUREMENT
poly_return_1s,Polymarket,149461,148069,99.07,147876,99.83,100.0,374,-0.0,0.0383,-0.855,0.0,0.0,0.0,0.7945,VALID_MEASUREMENT
poly_return_2s,Polymarket,149461,138298,92.53,138105,93.24,100.0,386,-0.0,0.0495,-0.8645,0.0,0.0,0.0,0.7945,PARTIAL_MEASUREMENT
poly_return_3s,Polymarket,149461,122306,81.83,122113,82.44,100.0,387,0.0,0.0589,-0.8645,0.0,0.0,0.0,0.7945,PARTIAL_MEASUREMENT
poly_return_5s,Polymarket,149461,87557,58.58,87364,58.98,100.0,367,0.0004,0.077,-0.8645,0.0,0.0,0.0,0.8145,PARTIAL_MEASUREMENT
poly_return_10s,Polymarket,149461,41458,27.74,41273,27.86,100.0,304,0.0016,0.1025,-0.8645,0.0,0.0,0.0,0.8145,PARTIAL_MEASUREMENT
poly_return_30s,Polymarket,149461,6849,4.58,6700,4.52,100.0,133,0.0026,0.095,-0.78,0.0,0.0,0.0,0.7845,PARTIAL_MEASUREMENT
binance_best_bid,Binance,149461,149460,100.0,148125,100.0,100.0,9741,84316.2825,381.3969,83169.4,84058.9,84360.0,84577.9,85129.6,VALID_MEASUREMENT
binance_best_ask,Binance,149461,149460,100.0,148125,100.0,100.0,9739,84316.383,381.397,83169.5,84059.0,84360.1,84578.0,85129.7,VALID_MEASUREMENT
binance_mid_price,Binance,149461,149460,100.0,148125,100.0,100.0,9769,84316.3327,381.3969,83169.45,84058.95,84360.05,84577.95,85129.65,VALID_MEASUREMENT
binance_microprice,Binance,149461,149460,100.0,148125,100.0,100.0,149352,84316.3329,381.3967,83169.4222,84058.9708,84360.0448,84577.9408,85129.6894,VALID_MEASUREMENT
binance_microprice_offset_bps,Binance,149461,149460,100.0,148125,100.0,100.0,47,0.0,0.0051,-0.852,-0.003,0.0,0.003,1.115,VALID_MEASUREMENT
binance_spread_bps,Binance,149461,149460,100.0,148125,100.0,100.0,30,0.0121,0.0081,0.012,0.012,0.012,0.012,2.423,VALID_MEASUREMENT
binance_basis_bps,Binance,149461,0,0.0,0,0.0,0.0,0,,,,,,,,UNMEASURED (Ref Spot Feed Disabled)
binance_return_since_open_bps,Binance,149461,149460,100.0,148125,100.0,100.0,11516,-0.0303,5.4132,-57.572,-2.131,0.0,2.194,35.765,VALID_MEASUREMENT
binance_return_1s_bps,Binance,149461,149459,100.0,148124,100.0,100.0,3757,-0.0006,0.3514,-10.236,0.0,0.0,0.0,7.336,VALID_MEASUREMENT
binance_return_2s_bps,Binance,149461,149458,100.0,148123,100.0,100.0,4716,-0.0011,0.5183,-10.922,0.0,0.0,0.0,7.336,VALID_MEASUREMENT
binance_return_3s_bps,Binance,149461,149457,100.0,148122,100.0,100.0,5364,-0.0016,0.6504,-10.922,0.0,0.0,0.0,11.869,VALID_MEASUREMENT
binance_return_5s_bps,Binance,149461,149455,100.0,148120,100.0,100.0,6340,-0.0028,0.8626,-13.067,0.0,0.0,0.0,14.006,VALID_MEASUREMENT
binance_return_10s_bps,Binance,149461,149450,99.99,148115,99.99,100.0,8041,-0.0056,1.2665,-20.001,0.0,0.0,0.0,14.6,VALID_MEASUREMENT
binance_return_30s_bps,Binance,149461,149430,99.98,148095,99.98,100.0,11336,-0.0161,2.2761,-22.261,-0.747,0.0,0.793,21.716,VALID_MEASUREMENT
binance_return_60s_bps,Binance,149461,149400,99.96,148065,99.96,100.0,13728,-0.0324,3.2321,-27.688,-1.273,0.0,1.317,33.054,VALID_MEASUREMENT
binance_taker_flow_1s,Binance,149461,0,0.0,0,0.0,0.0,0,,,,,,,,"INVALID_MEASUREMENT (Casing Bug, 0% captured)"
binance_taker_flow_2s,Binance,149461,0,0.0,0,0.0,0.0,0,,,,,,,,"INVALID_MEASUREMENT (Casing Bug, 0% captured)"
binance_taker_flow_3s,Binance,149461,0,0.0,0,0.0,0.0,0,,,,,,,,"INVALID_MEASUREMENT (Casing Bug, 0% captured)"
binance_taker_flow_5s,Binance,149461,0,0.0,0,0.0,0.0,0,,,,,,,,"INVALID_MEASUREMENT (Casing Bug, 0% captured)"
binance_taker_flow_10s,Binance,149461,0,0.0,0,0.0,0.0,0,,,,,,,,"INVALID_MEASUREMENT (Casing Bug, 0% captured)"
binance_taker_flow_30s,Binance,149461,0,0.0,0,0.0,0.0,0,,,,,,,,"INVALID_MEASUREMENT (Casing Bug, 0% captured)"
binance_taker_flow_60s,Binance,149461,0,0.0,0,0.0,0.0,0,,,,,,,,"INVALID_MEASUREMENT (Casing Bug, 0% captured)"
binance_top1_depth_imbalance,Binance,149461,149460,100.0,148125,100.0,100.0,19972,0.003,0.5663,-0.9999,-0.4861,0.0035,0.4948,0.9999,VALID_MEASUREMENT
binance_top5_depth_imbalance,Binance,149461,149460,100.0,148125,100.0,100.0,19954,0.0069,0.5646,-0.9996,-0.4777,0.0101,0.497,0.9997,VALID_MEASUREMENT
binance_top20_depth_imbalance,Binance,149461,149460,100.0,148125,100.0,100.0,19855,0.0118,0.5519,-0.9983,-0.4575,0.0168,0.4855,0.9989,VALID_MEASUREMENT
