lag_seconds,shift_ms,b0_mse,b1_mse,delta_mse,b0_r2,b1_r2,delta_r2,b1_direction_acc
1,-1000,0.000628,0.000628,0.0,0.0005,-0.0001,-0.0005,52.69
1,-750,0.000628,0.000627,-1e-06,0.0005,0.0014,0.0009,51.99
1,-500,0.000628,0.000626,-1e-06,0.0005,0.0025,0.002,51.88
1,-250,0.000628,0.000629,2e-06,0.0005,-0.0019,-0.0024,52.5
1,-100,0.000628,0.00063,3e-06,0.0005,-0.0038,-0.0043,52.69
1,0,0.000628,0.000631,3e-06,0.0005,-0.0042,-0.0047,52.88
1,100,0.000628,0.000623,-5e-06,0.0005,0.0081,0.0076,54.79
1,250,0.000628,0.000602,-2.6e-05,0.0005,0.0419,0.0414,56.6
1,500,0.000628,0.000537,-9e-05,0.0005,0.1443,0.1438,58.69
1,750,0.000628,0.000519,-0.000108,0.0005,0.1731,0.1727,60.34
1,1000,0.000628,0.000516,-0.000112,0.0005,0.1784,0.1779,61.76
2,-1000,0.0013,0.001301,1e-06,0.0002,-0.0005,-0.0007,52.71
2,-750,0.0013,0.001299,-1e-06,0.0002,0.0008,0.0006,52.25
2,-500,0.0013,0.001296,-3e-06,0.0002,0.0027,0.0025,51.95
2,-250,0.0013,0.001298,-2e-06,0.0002,0.0017,0.0015,52.23
2,-100,0.0013,0.001299,-1e-06,0.0002,0.001,0.0008,52.33
2,0,0.0013,0.001299,-1e-06,0.0002,0.001,0.0008,52.39
2,100,0.0013,0.00129,-9e-06,0.0002,0.0074,0.0072,53.68
2,250,0.0013,0.001264,-3.6e-05,0.0002,0.0276,0.0274,55.14
2,500,0.0013,0.001169,-0.00013,0.0002,0.1005,0.1003,56.58
2,750,0.0013,0.001139,-0.000161,0.0002,0.1237,0.1235,58.04
2,1000,0.0013,0.001129,-0.00017,0.0002,0.1312,0.131,59.16
3,-1000,0.00198,0.001981,1e-06,-0.0001,-0.0008,-0.0007,53.66
3,-750,0.00198,0.00198,-0.0,-0.0001,0.0,0.0001,53.1
3,-500,0.00198,0.001977,-3e-06,-0.0001,0.0017,0.0017,52.69
3,-250,0.00198,0.001977,-3e-06,-0.0001,0.0014,0.0014,52.77
3,-100,0.00198,0.001978,-2e-06,-0.0001,0.0011,0.0012,52.74
3,0,0.00198,0.001978,-2e-06,-0.0001,0.0011,0.0012,52.76
3,100,0.00198,0.001968,-1.2e-05,-0.0001,0.0058,0.0059,53.55
3,250,0.00198,0.00194,-4e-05,-0.0001,0.0201,0.0201,54.6
3,500,0.00198,0.001841,-0.000139,-0.0001,0.07,0.0701,55.71
3,750,0.00198,0.00181,-0.00017,-0.0001,0.0857,0.0857,56.72
3,1000,0.00198,0.0018,-0.00018,-0.0001,0.0907,0.0908,57.47
5,-1000,0.003344,0.003349,5e-06,-0.0001,-0.0016,-0.0016,55.75
5,-750,0.003344,0.003349,5e-06,-0.0001,-0.0017,-0.0016,54.64
5,-500,0.003344,0.003347,4e-06,-0.0001,-0.0011,-0.0011,54.06
5,-250,0.003344,0.003347,3e-06,-0.0001,-0.001,-0.0009,53.94
5,-100,0.003344,0.003346,2e-06,-0.0001,-0.0008,-0.0007,53.88
5,0,0.003344,0.003345,1e-06,-0.0001,-0.0005,-0.0004,53.86
5,100,0.003344,0.003337,-7e-06,-0.0001,0.002,0.0021,54.19
5,250,0.003344,0.003308,-3.6e-05,-0.0001,0.0106,0.0106,54.75
5,500,0.003344,0.003204,-0.00014,-0.0001,0.0418,0.0418,55.5
5,750,0.003344,0.003171,-0.000172,-0.0001,0.0514,0.0515,56.12
5,1000,0.003344,0.003161,-0.000182,-0.0001,0.0545,0.0546,56.52
10,-1000,0.006768,0.006776,9e-06,0.0,-0.0012,-0.0013,59.06
10,-750,0.006768,0.006775,7e-06,0.0,-0.001,-0.001,58.01
10,-500,0.006768,0.00677,2e-06,0.0,-0.0002,-0.0003,57.25
10,-250,0.006768,0.006767,-1e-06,0.0,0.0002,0.0002,56.75
10,-100,0.006768,0.006766,-2e-06,0.0,0.0004,0.0003,56.45
10,0,0.006768,0.006765,-3e-06,0.0,0.0005,0.0004,56.34
10,100,0.006768,0.006755,-1.2e-05,0.0,0.0019,0.0018,56.36
10,250,0.006768,0.006727,-4.1e-05,0.0,0.0061,0.0061,56.47
10,500,0.006768,0.006625,-0.000143,0.0,0.0211,0.0211,56.75
10,750,0.006768,0.006592,-0.000175,0.0,0.026,0.0259,56.98
10,1000,0.006768,0.00658,-0.000187,0.0,0.0277,0.0277,56.95
15,-1000,0.010263,0.010275,1.2e-05,-0.0,-0.0013,-0.0012,61.51
15,-750,0.010263,0.010274,1.2e-05,-0.0,-0.0012,-0.0012,60.39
15,-500,0.010263,0.01027,8e-06,-0.0,-0.0008,-0.0008,59.5
15,-250,0.010263,0.010267,5e-06,-0.0,-0.0005,-0.0005,58.89
15,-100,0.010263,0.010266,3e-06,-0.0,-0.0004,-0.0003,58.66
15,0,0.010263,0.010265,2e-06,-0.0,-0.0003,-0.0002,58.52
15,100,0.010263,0.010256,-7e-06,-0.0,0.0006,0.0007,58.23
15,250,0.010263,0.010227,-3.6e-05,-0.0,0.0034,0.0035,58.23
15,500,0.010263,0.010123,-0.00014,-0.0,0.0136,0.0137,58.26
15,750,0.010263,0.010088,-0.000175,-0.0,0.017,0.017,58.11
15,1000,0.010263,0.010076,-0.000187,-0.0,0.0182,0.0182,57.85
30,-1000,0.021061,0.021086,2.6e-05,0.0003,-0.0009,-0.0012,65.07
30,-750,0.021061,0.021088,2.7e-05,0.0003,-0.001,-0.0013,64.44
30,-500,0.021061,0.021088,2.8e-05,0.0003,-0.001,-0.0013,63.67
30,-250,0.021061,0.02109,3e-05,0.0003,-0.0011,-0.0014,63.09
30,-100,0.021061,0.02109,3e-05,0.0003,-0.0011,-0.0014,62.83
30,0,0.021061,0.02109,2.9e-05,0.0003,-0.0011,-0.0014,62.73
30,100,0.021061,0.021081,2e-05,0.0003,-0.0007,-0.0009,62.46
30,250,0.021061,0.02105,-1.1e-05,0.0003,0.0008,0.0005,62.25
30,500,0.021061,0.020934,-0.000127,0.0003,0.0063,0.006,62.24
30,750,0.021061,0.020895,-0.000166,0.0003,0.0082,0.0079,62.06
30,1000,0.021061,0.020879,-0.000181,0.0003,0.0089,0.0086,61.48
