round_number,round_slug,session_id,sample_count,valid_sample_count,observed_span_sec,effective_samples_per_min,median_interval_sec,p90_interval_sec,p95_interval_sec,p99_interval_sec,max_interval_sec,gaps_gt_1_5s_count,gaps_gt_1_5s_frac,gaps_gt_2s_count,gaps_gt_2s_frac,gaps_gt_3s_count,gaps_gt_3s_frac,gaps_gt_5s_count,gaps_gt_5s_frac,gaps_gt_10s_count,gaps_gt_10s_frac,gaps_gt_30s_count,gaps_gt_30s_frac,median_target_error_ms
1,btc-updown-5m-1790630100,1,265,264,263.9,60.25,1.0,1.005,1.008,1.014,1.064,0,0.0,0,0.0,0,0.0,0,0.0,0,0.0,0,0.0,11
2,btc-updown-5m-1790630400,1,300,294,298.98,60.2,1.0,1.013,1.016,1.033,1.057,0,0.0,0,0.0,0,0.0,0,0.0,0,0.0,0,0.0,26.0
3,btc-updown-5m-1790630700,1,300,293,298.98,60.2,1.0,1.017,1.021,1.089,1.097,0,0.0,0,0.0,0,0.0,0,0.0,0,0.0,0,0.0,44.0
4,btc-updown-5m-1790631000,1,300,294,299.01,60.2,1.0,1.011,1.018,1.022,1.067,0,0.0,0,0.0,0,0.0,0,0.0,0,0.0,0,0.0,44.0
5,btc-updown-5m-1790631300,1,300,299,298.98,60.2,1.001,1.013,1.017,1.024,1.062,0,0.0,0,0.0,0,0.0,0,0.0,0,0.0,0,0.0,69.0
6,btc-updown-5m-1790631600,1,300,299,298.99,60.2,1.0,1.019,1.021,1.024,1.03,0,0.0,0,0.0,0,0.0,0,0.0,0,0.0,0,0.0,85.0
7,btc-updown-5m-1790631900,1,300,294,298.97,60.21,1.0,1.02,1.022,1.028,1.045,0,0.0,0,0.0,0,0.0,0,0.0,0,0.0,0,0.0,100.0
8,btc-updown-5m-1790632200,1,300,299,298.97,60.21,1.0,1.018,1.02,1.041,1.073,0,0.0,0,0.0,0,0.0,0,0.0,0,0.0,0,0.0,111.0
9,btc-updown-5m-1790632500,1,300,299,298.97,60.21,1.0,1.012,1.017,1.026,1.087,0,0.0,0,0.0,0,0.0,0,0.0,0,0.0,0,0.0,115.0
10,btc-updown-5m-1790632800,1,300,299,298.98,60.2,1.0,1.017,1.019,1.03,1.048,0,0.0,0,0.0,0,0.0,0,0.0,0,0.0,0,0.0,130.0
11,btc-updown-5m-1790633100,1,300,299,299.0,60.2,1.001,1.018,1.02,1.022,1.049,0,0.0,0,0.0,0,0.0,0,0.0,0,0.0,0,0.0,148.0
12,btc-updown-5m-1790633400,1,300,299,298.97,60.21,1.0,1.017,1.019,1.031,1.134,0,0.0,0,0.0,0,0.0,0,0.0,0,0.0,0,0.0,159.0
13,btc-updown-5m-1790633700,1,300,298,298.96,60.21,1.0,1.012,1.016,1.041,1.096,0,0.0,0,0.0,0,0.0,0,0.0,0,0.0,0,0.0,166.0
14,btc-updown-5m-1790634000,1,300,299,298.97,60.21,1.0,1.015,1.02,1.032,1.065,0,0.0,0,0.0,0,0.0,0,0.0,0,0.0,0,0.0,180.0
15,btc-updown-5m-1790634300,1,300,299,298.98,60.2,1.0,1.012,1.016,1.051,1.113,0,0.0,0,0.0,0,0.0,0,0.0,0,0.0,0,0.0,187.0
16,btc-updown-5m-1790634600,1,286,284,299.21,57.35,1.009,1.129,1.533,2.07,2.117,15,0.0526,6,0.0211,0,0.0,0,0.0,0,0.0,0,0.0,436.5
17,btc-updown-5m-1790634900,1,287,285,298.94,57.6,1.003,1.099,1.189,1.996,2.067,13,0.0455,2,0.007,0,0.0,0,0.0,0,0.0,0,0.0,431
18,btc-updown-5m-1790635200,1,241,240,298.63,48.42,1.035,2.012,2.083,2.224,2.444,58,0.2417,25,0.1042,0,0.0,0,0.0,0,0.0,0,0.0,614
19,btc-updown-5m-1790635500,1,241,240,299.08,48.35,1.038,2.015,2.108,2.27,2.678,58,0.2417,26,0.1083,0,0.0,0,0.0,0,0.0,0,0.0,635
20,btc-updown-5m-1790635800,1,245,244,298.83,49.19,1.043,1.997,2.07,2.141,2.273,55,0.2254,24,0.0984,0,0.0,0,0.0,0,0.0,0,0.0,623
21,btc-updown-5m-1790636100,1,263,258,298.73,52.82,1.011,1.942,2.008,2.113,2.219,37,0.1412,15,0.0573,0,0.0,0,0.0,0,0.0,0,0.0,504
22,btc-updown-5m-1790636400,1,267,266,298.75,53.62,1.005,1.919,1.992,2.138,2.231,33,0.1241,9,0.0338,0,0.0,0,0.0,0,0.0,0,0.0,497
23,btc-updown-5m-1790636700,1,300,299,299.0,60.2,1.0,1.034,1.058,1.112,1.121,0,0.0,0,0.0,0,0.0,0,0.0,0,0.0,0,0.0,266.0
24,btc-updown-5m-1790637000,1,300,299,298.97,60.21,1.0,1.014,1.035,1.102,1.192,0,0.0,0,0.0,0,0.0,0,0.0,0,0.0,0,0.0,277.0
25,btc-updown-5m-1790637300,1,300,299,298.98,60.2,1.0,1.016,1.023,1.083,1.11,0,0.0,0,0.0,0,0.0,0,0.0,0,0.0,0,0.0,298.0
26,btc-updown-5m-1790637600,1,300,299,299.06,60.19,1.0,1.036,1.051,1.08,1.095,0,0.0,0,0.0,0,0.0,0,0.0,0,0.0,0,0.0,302.0
27,btc-updown-5m-1790637900,1,300,299,298.93,60.21,1.0,1.019,1.04,1.104,1.168,0,0.0,0,0.0,0,0.0,0,0.0,0,0.0,0,0.0,313.0
28,btc-updown-5m-1790638200,1,300,299,298.95,60.21,1.001,1.023,1.031,1.069,1.094,0,0.0,0,0.0,0,0.0,0,0.0,0,0.0,0,0.0,350.0
29,btc-updown-5m-1790638500,1,300,294,298.95,60.21,1.0,1.024,1.042,1.121,1.18,0,0.0,0,0.0,0,0.0,0,0.0,0,0.0,0,0.0,355.0
30,btc-updown-5m-1790638800,1,299,298,298.99,60.0,1.001,1.026,1.037,1.203,1.699,1,0.0034,0,0.0,0,0.0,0,0.0,0,0.0,0,0.0,367
31,btc-updown-5m-1790639100,1,300,298,298.98,60.2,1.0,1.022,1.035,1.094,1.268,0,0.0,0,0.0,0,0.0,0,0.0,0,0.0,0,0.0,374.0
32,btc-updown-5m-1790639400,1,300,299,298.97,60.21,1.0,1.018,1.027,1.052,1.102,0,0.0,0,0.0,0,0.0,0,0.0,0,0.0,0,0.0,387.0
33,btc-updown-5m-1790639700,1,300,299,299.0,60.2,1.001,1.027,1.035,1.06,1.381,0,0.0,0,0.0,0,0.0,0,0.0,0,0.0,0,0.0,400.0
34,btc-updown-5m-1790640000,1,300,299,298.97,60.21,1.002,1.028,1.036,1.076,1.108,0,0.0,0,0.0,0,0.0,0,0.0,0,0.0,0,0.0,420.0
35,btc-updown-5m-1790640300,1,300,299,298.99,60.2,1.0,1.02,1.03,1.064,1.123,0,0.0,0,0.0,0,0.0,0,0.0,0,0.0,0,0.0,424.0
36,btc-updown-5m-1790640600,1,300,298,298.97,60.21,1.0,1.019,1.031,1.06,1.079,0,0.0,0,0.0,0,0.0,0,0.0,0,0.0,0,0.0,419.0
37,btc-updown-5m-1790640900,1,300,299,298.99,60.2,1.0,1.022,1.056,1.083,1.086,0,0.0,0,0.0,0,0.0,0,0.0,0,0.0,0,0.0,427.0
38,btc-updown-5m-1790641200,1,297,296,298.99,59.6,1.0,1.026,1.074,1.902,1.998,3,0.0101,0,0.0,0,0.0,0,0.0,0,0.0,0,0.0,440
39,btc-updown-5m-1790641500,1,300,298,298.96,60.21,1.0,1.011,1.017,1.052,1.082,0,0.0,0,0.0,0,0.0,0,0.0,0,0.0,0,0.0,449.0
40,btc-updown-5m-1790641800,1,292,291,298.99,58.6,1.001,1.028,1.06,1.987,2.014,8,0.0275,1,0.0034,0,0.0,0,0.0,0,0.0,0,0.0,462.0
41,btc-updown-5m-1790642100,1,287,286,298.98,57.6,1.002,1.019,1.075,2.011,2.022,13,0.0455,5,0.0175,0,0.0,0,0.0,0,0.0,0,0.0,476
42,btc-updown-5m-1790642400,1,252,251,299.0,50.57,1.01,1.979,1.994,2.004,2.009,48,0.1912,7,0.0279,0,0.0,0,0.0,0,0.0,0,0.0,523.0
43,btc-updown-5m-1790642700,1,247,245,298.87,49.59,1.009,1.992,2.005,2.051,2.084,53,0.2154,17,0.0691,0,0.0,0,0.0,0,0.0,0,0.0,535
44,btc-updown-5m-1790643000,1,246,241,297.85,49.56,1.011,1.989,1.999,2.02,2.108,53,0.2163,12,0.049,0,0.0,0,0.0,0,0.0,0,0.0,546.5
45,btc-updown-5m-1790643300,1,245,244,297.95,49.34,1.014,1.987,1.999,2.012,2.046,54,0.2213,10,0.041,0,0.0,0,0.0,0,0.0,0,0.0,557
46,btc-updown-5m-1790643600,1,246,242,297.97,49.54,1.012,1.988,1.996,2.021,2.048,53,0.2163,9,0.0367,0,0.0,0,0.0,0,0.0,0,0.0,569.5
47,btc-updown-5m-1790643900,1,247,245,297.88,49.75,1.011,1.986,2.0,2.025,2.031,52,0.2114,12,0.0488,0,0.0,0,0.0,0,0.0,0,0.0,577
48,btc-updown-5m-1790644200,1,248,247,298.96,49.77,1.014,1.981,1.991,2.01,2.081,52,0.2105,7,0.0283,0,0.0,0,0.0,0,0.0,0,0.0,587.0
49,btc-updown-5m-1790644500,1,246,245,297.86,49.55,1.012,1.987,2.0,2.053,2.067,53,0.2163,10,0.0408,0,0.0,0,0.0,0,0.0,0,0.0,597.0
50,btc-updown-5m-1790644800,1,246,244,297.9,49.55,1.009,1.992,2.005,2.029,2.032,53,0.2163,18,0.0735,0,0.0,0,0.0,0,0.0,0,0.0,609.0
51,btc-updown-5m-1790645100,1,247,245,298.97,49.57,1.014,1.983,1.996,2.012,2.019,53,0.2154,10,0.0407,0,0.0,0,0.0,0,0.0,0,0.0,620
52,btc-updown-5m-1790645400,1,246,244,298.84,49.39,1.011,1.987,1.998,2.039,2.103,54,0.2204,11,0.0449,0,0.0,0,0.0,0,0.0,0,0.0,632.0
53,btc-updown-5m-1790645700,1,246,240,298.94,49.37,1.008,1.997,2.009,2.092,2.109,54,0.2204,20,0.0816,0,0.0,0,0.0,0,0.0,0,0.0,641.0
54,btc-updown-5m-1790646000,1,246,241,298.98,49.37,1.013,1.99,1.999,2.022,2.094,54,0.2204,8,0.0327,0,0.0,0,0.0,0,0.0,0,0.0,648.0
55,btc-updown-5m-1790646300,1,246,245,298.87,49.39,1.012,1.994,2.004,2.057,2.122,54,0.2204,16,0.0653,0,0.0,0,0.0,0,0.0,0,0.0,659.0
56,btc-updown-5m-1790646600,1,247,245,297.89,49.75,1.01,1.985,2.004,2.09,2.113,52,0.2114,14,0.0569,0,0.0,0,0.0,0,0.0,0,0.0,670
57,btc-updown-5m-1790646900,1,247,246,298.83,49.59,1.012,1.987,2.002,2.114,2.163,53,0.2154,13,0.0528,0,0.0,0,0.0,0,0.0,0,0.0,681
58,btc-updown-5m-1790647200,1,247,242,298.96,49.57,1.01,1.991,2.006,2.035,2.121,53,0.2154,15,0.061,0,0.0,0,0.0,0,0.0,0,0.0,693
59,btc-updown-5m-1790647500,1,246,244,299.0,49.36,1.013,1.987,2.007,2.103,2.124,54,0.2204,16,0.0653,0,0.0,0,0.0,0,0.0,0,0.0,707.0
60,btc-updown-5m-1790647800,1,247,242,298.95,49.57,1.017,1.977,1.989,2.018,2.028,53,0.2154,7,0.0285,0,0.0,0,0.0,0,0.0,0,0.0,712
61,btc-updown-5m-1790648100,1,246,245,297.83,49.56,1.014,1.98,1.998,2.061,2.141,53,0.2163,12,0.049,0,0.0,0,0.0,0,0.0,0,0.0,724.5
62,btc-updown-5m-1790648400,1,247,246,298.83,49.59,1.012,1.982,2.002,2.048,2.111,53,0.2154,14,0.0569,0,0.0,0,0.0,0,0.0,0,0.0,735
63,btc-updown-5m-1790648700,1,247,246,297.94,49.74,1.012,1.982,1.997,2.017,2.148,52,0.2114,8,0.0325,0,0.0,0,0.0,0,0.0,0,0.0,743
64,btc-updown-5m-1790649000,1,245,244,296.83,49.52,1.014,1.984,1.998,2.027,2.031,53,0.2172,11,0.0451,0,0.0,0,0.0,0,0.0,0,0.0,755
65,btc-updown-5m-1790649300,1,247,246,297.97,49.74,1.013,1.988,2.011,2.032,2.039,52,0.2114,17,0.0691,0,0.0,0,0.0,0,0.0,0,0.0,764
66,btc-updown-5m-1790649600,1,246,245,297.86,49.55,1.015,1.985,1.998,2.028,2.158,53,0.2163,12,0.049,0,0.0,0,0.0,0,0.0,0,0.0,775.0
67,btc-updown-5m-1790649900,1,246,245,297.87,49.55,1.013,1.985,2.005,2.027,2.036,53,0.2163,16,0.0653,0,0.0,0,0.0,0,0.0,0,0.0,781.0
68,btc-updown-5m-1790650200,1,248,247,298.93,49.78,1.013,1.992,2.008,2.065,2.162,52,0.2105,18,0.0729,0,0.0,0,0.0,0,0.0,0,0.0,791.0
69,btc-updown-5m-1790650500,1,244,243,297.86,49.15,1.016,1.984,2.005,2.053,2.136,55,0.2263,14,0.0576,0,0.0,0,0.0,0,0.0,0,0.0,804.0
70,btc-updown-5m-1790650800,1,245,243,297.85,49.35,1.014,1.989,2.002,2.034,2.091,54,0.2213,15,0.0615,0,0.0,0,0.0,0,0.0,0,0.0,812
71,btc-updown-5m-1790651100,1,246,244,297.83,49.56,1.017,1.983,2.0,2.035,2.104,53,0.2163,12,0.049,0,0.0,0,0.0,0,0.0,0,0.0,824.0
72,btc-updown-5m-1790651400,1,245,241,298.83,49.19,1.014,1.993,2.011,2.043,2.051,55,0.2254,17,0.0697,0,0.0,0,0.0,0,0.0,0,0.0,835
73,btc-updown-5m-1790651700,1,244,237,297.88,49.15,1.015,1.992,2.008,2.03,2.155,55,0.2263,17,0.07,0,0.0,0,0.0,0,0.0,0,0.0,845.0
74,btc-updown-5m-1790652000,1,244,243,298.89,48.98,1.011,2.0,2.025,2.041,2.12,56,0.2305,24,0.0988,0,0.0,0,0.0,0,0.0,0,0.0,848.5
75,btc-updown-5m-1790652300,1,244,243,298.95,48.97,1.011,1.997,2.022,2.132,2.885,55,0.2263,23,0.0947,0,0.0,0,0.0,0,0.0,0,0.0,863.0
76,btc-updown-5m-1790652600,1,239,235,298.85,47.98,1.012,2.001,2.02,2.123,2.84,60,0.2521,24,0.1008,0,0.0,0,0.0,0,0.0,0,0.0,873
77,btc-updown-5m-1790652900,1,241,240,297.88,48.54,1.014,1.995,2.015,2.036,2.153,58,0.2417,20,0.0833,0,0.0,0,0.0,0,0.0,0,0.0,881
78,btc-updown-5m-1790653200,1,214,212,298.93,42.95,1.089,2.019,2.12,2.752,3.044,83,0.3897,26,0.1221,2,0.0094,0,0.0,0,0.0,0,0.0,885.0
79,btc-updown-5m-1790653500,1,235,230,297.97,47.32,1.02,1.984,2.007,2.152,2.81,63,0.2692,14,0.0598,0,0.0,0,0.0,0,0.0,0,0.0,899
80,btc-updown-5m-1790653800,1,230,229,297.84,46.33,1.016,2.006,2.031,2.871,3.05,66,0.2882,26,0.1135,2,0.0087,0,0.0,0,0.0,0,0.0,908.0
81,btc-updown-5m-1790654100,1,241,240,298.99,48.36,1.015,1.996,2.02,2.082,2.986,58,0.2417,21,0.0875,0,0.0,0,0.0,0,0.0,0,0.0,918
82,btc-updown-5m-1790654400,1,225,224,298.2,45.27,1.029,2.006,2.102,2.893,3.013,68,0.3036,23,0.1027,1,0.0045,0,0.0,0,0.0,0,0.0,926
83,btc-updown-5m-1790654700,1,222,220,297.0,44.85,1.022,2.011,2.133,2.992,3.063,68,0.3077,26,0.1176,2,0.009,0,0.0,0,0.0,0,0.0,936.5
84,btc-updown-5m-1790655000,1,230,226,297.82,46.34,1.018,2.002,2.028,2.81,2.842,66,0.2882,23,0.1004,0,0.0,0,0.0,0,0.0,0,0.0,944.0
85,btc-updown-5m-1790655300,1,219,218,297.87,44.11,1.028,2.009,2.055,2.922,2.961,73,0.3349,31,0.1422,0,0.0,0,0.0,0,0.0,0,0.0,955
86,btc-updown-5m-1790655600,1,222,221,297.91,44.71,1.023,2.009,2.044,2.97,3.01,68,0.3077,29,0.1312,1,0.0045,0,0.0,0,0.0,0,0.0,959.5
87,btc-updown-5m-1790655900,1,207,206,298.78,41.57,1.028,2.027,2.184,3.016,3.055,83,0.4029,35,0.1699,4,0.0194,0,0.0,0,0.0,0,0.0,967
88,btc-updown-5m-1790656200,1,178,177,297.97,35.84,1.926,2.945,2.979,3.001,3.018,94,0.5311,56,0.3164,2,0.0113,0,0.0,0,0.0,0,0.0,972.5
89,btc-updown-5m-1790656500,1,159,158,297.72,32.04,1.991,2.964,2.993,3.037,3.126,107,0.6772,68,0.4304,6,0.038,0,0.0,0,0.0,0,0.0,948
90,btc-updown-5m-1790656800,1,145,144,297.98,29.2,2.004,2.992,3.001,3.028,3.15,111,0.7708,76,0.5278,8,0.0556,0,0.0,0,0.0,0,0.0,43
91,btc-updown-5m-1790657100,1,145,144,297.97,29.2,2.005,3.011,3.025,3.12,3.144,110,0.7639,74,0.5139,18,0.125,0,0.0,0,0.0,0,0.0,37
92,btc-updown-5m-1790657400,1,139,138,295.8,28.19,2.01,2.99,3.022,3.039,3.074,114,0.8261,76,0.5507,10,0.0725,0,0.0,0,0.0,0,0.0,32
93,btc-updown-5m-1790657700,1,132,131,298.84,26.5,2.027,3.004,3.03,3.148,3.181,120,0.916,94,0.7176,15,0.1145,0,0.0,0,0.0,0,0.0,31.5
94,btc-updown-5m-1790658000,1,128,127,297.8,25.79,2.028,3.002,3.034,3.079,3.166,122,0.9606,93,0.7323,15,0.1181,0,0.0,0,0.0,0,0.0,37.5
95,btc-updown-5m-1790658300,1,126,125,296.78,25.47,2.046,3.014,3.032,3.071,3.09,123,0.984,96,0.768,16,0.128,0,0.0,0,0.0,0,0.0,41.0
96,btc-updown-5m-1790658600,1,125,124,295.83,25.35,2.049,3.002,3.014,3.14,3.154,124,1.0,96,0.7742,13,0.1048,0,0.0,0,0.0,0,0.0,44
97,btc-updown-5m-1790658900,1,126,125,296.85,25.47,2.04,3.007,3.04,3.113,3.119,125,1.0,96,0.768,14,0.112,0,0.0,0,0.0,0,0.0,48.0
98,btc-updown-5m-1790659200,1,126,125,298.79,25.3,2.043,3.017,3.03,3.105,3.133,125,1.0,95,0.76,16,0.128,0,0.0,0,0.0,0,0.0,50.5
99,btc-updown-5m-1790659500,1,125,122,295.85,25.35,2.044,2.998,3.009,3.042,3.154,124,1.0,98,0.7903,10,0.0806,0,0.0,0,0.0,0,0.0,62
100,btc-updown-5m-1790659800,1,126,125,298.92,25.29,2.046,3.003,3.013,3.035,3.089,125,1.0,99,0.792,13,0.104,0,0.0,0,0.0,0,0.0,64.0
101,btc-updown-5m-1790660100,1,126,124,297.8,25.39,2.046,3.003,3.023,3.122,3.153,125,1.0,90,0.72,17,0.136,0,0.0,0,0.0,0,0.0,71.5
102,btc-updown-5m-1790660400,1,126,125,296.77,25.47,2.038,3.006,3.027,3.088,3.19,125,1.0,96,0.768,15,0.12,0,0.0,0,0.0,0,0.0,70.5
103,btc-updown-5m-1790660700,1,125,124,295.82,25.35,2.04,2.997,3.021,3.152,4.048,124,1.0,96,0.7742,12,0.0968,0,0.0,0,0.0,0,0.0,80
104,btc-updown-5m-1790661000,1,126,125,298.82,25.3,2.037,3.006,3.017,3.074,3.1,125,1.0,91,0.728,17,0.136,0,0.0,0,0.0,0,0.0,87.0
105,btc-updown-5m-1790661300,1,126,125,297.91,25.38,2.047,3.003,3.022,3.183,3.187,125,1.0,101,0.808,14,0.112,0,0.0,0,0.0,0,0.0,95.0
106,btc-updown-5m-1790661600,1,126,125,297.96,25.37,2.046,2.994,3.007,3.09,3.133,125,1.0,100,0.8,10,0.08,0,0.0,0,0.0,0,0.0,93.0
107,btc-updown-5m-1790661900,1,125,124,296.93,25.26,2.048,3.006,3.024,3.124,3.16,124,1.0,96,0.7742,14,0.1129,0,0.0,0,0.0,0,0.0,99
108,btc-updown-5m-1790662200,1,125,124,295.99,25.34,2.043,3.007,3.023,3.171,3.199,124,1.0,92,0.7419,14,0.1129,0,0.0,0,0.0,0,0.0,102
109,btc-updown-5m-1790662500,1,126,125,298.77,25.3,2.051,2.999,3.018,3.077,3.098,125,1.0,99,0.792,12,0.096,0,0.0,0,0.0,0,0.0,109.0
110,btc-updown-5m-1790662800,1,125,124,295.98,25.34,2.039,3.014,3.052,3.133,3.151,124,1.0,96,0.7742,16,0.129,0,0.0,0,0.0,0,0.0,122
111,btc-updown-5m-1790663100,1,126,125,297.98,25.37,2.045,3.008,3.032,3.071,3.145,125,1.0,98,0.784,14,0.112,0,0.0,0,0.0,0,0.0,123.5
112,btc-updown-5m-1790663400,1,125,122,297.11,25.24,2.039,3.007,3.029,3.155,4.068,124,1.0,99,0.7984,17,0.1371,0,0.0,0,0.0,0,0.0,123
113,btc-updown-5m-1790663700,1,126,123,297.98,25.37,2.039,3.007,3.034,3.112,3.178,125,1.0,90,0.72,16,0.128,0,0.0,0,0.0,0,0.0,125.0
114,btc-updown-5m-1790664000,1,125,124,295.97,25.34,2.05,3.0,3.019,3.045,3.101,124,1.0,91,0.7339,12,0.0968,0,0.0,0,0.0,0,0.0,136
115,btc-updown-5m-1790664300,1,125,119,296.85,25.27,2.058,3.002,3.036,3.073,3.117,124,1.0,95,0.7661,13,0.1048,0,0.0,0,0.0,0,0.0,144
116,btc-updown-5m-1790664600,1,126,125,297.95,25.37,2.046,3.005,3.025,3.133,3.194,125,1.0,100,0.8,14,0.112,0,0.0,0,0.0,0,0.0,146.0
117,btc-updown-5m-1790664900,1,125,123,295.81,25.35,2.038,3.014,3.033,3.168,3.24,124,1.0,95,0.7661,14,0.1129,0,0.0,0,0.0,0,0.0,158
118,btc-updown-5m-1790665200,1,126,125,297.81,25.39,2.042,3.003,3.013,3.074,3.125,125,1.0,97,0.776,14,0.112,0,0.0,0,0.0,0,0.0,151.5
119,btc-updown-5m-1790665500,1,125,124,297.8,25.18,2.056,3.019,3.089,3.209,3.215,124,1.0,91,0.7339,16,0.129,0,0.0,0,0.0,0,0.0,159
120,btc-updown-5m-1790665800,1,126,125,298.81,25.3,2.044,2.995,3.027,3.099,3.191,125,1.0,97,0.776,11,0.088,0,0.0,0,0.0,0,0.0,174.0
121,btc-updown-5m-1790666100,1,125,124,295.88,25.35,2.058,2.999,3.03,3.092,3.183,124,1.0,96,0.7742,11,0.0887,0,0.0,0,0.0,0,0.0,174
122,btc-updown-5m-1790666400,1,127,126,297.87,25.58,2.05,3.005,3.022,3.124,3.165,126,1.0,89,0.7063,14,0.1111,0,0.0,0,0.0,0,0.0,182
123,btc-updown-5m-1790666700,1,126,123,296.91,25.46,2.038,3.014,3.025,3.094,3.139,125,1.0,88,0.704,18,0.144,0,0.0,0,0.0,0,0.0,182.0
124,btc-updown-5m-1790667000,1,126,125,297.79,25.39,2.043,2.992,3.011,3.035,3.093,125,1.0,97,0.776,11,0.088,0,0.0,0,0.0,0,0.0,188.5
125,btc-updown-5m-1790667300,1,126,125,298.76,25.3,2.051,3.003,3.06,3.189,3.189,125,1.0,99,0.792,15,0.12,0,0.0,0,0.0,0,0.0,195.5
126,btc-updown-5m-1790667600,1,126,125,297.79,25.39,2.041,3.012,3.027,3.055,3.073,125,1.0,89,0.712,17,0.136,0,0.0,0,0.0,0,0.0,202.5
127,btc-updown-5m-1790667900,1,126,123,297.79,25.39,2.052,3.007,3.016,3.158,3.171,125,1.0,99,0.792,16,0.128,0,0.0,0,0.0,0,0.0,206.0
128,btc-updown-5m-1790668200,1,125,124,294.88,25.43,2.043,2.995,3.016,3.087,3.191,124,1.0,98,0.7903,10,0.0806,0,0.0,0,0.0,0,0.0,210
129,btc-updown-5m-1790668500,1,125,124,296.9,25.26,2.045,3.014,3.036,3.075,3.079,124,1.0,91,0.7339,18,0.1452,0,0.0,0,0.0,0,0.0,216
130,btc-updown-5m-1790668800,1,126,125,298.94,25.29,2.04,3.009,3.035,3.159,3.166,125,1.0,94,0.752,17,0.136,0,0.0,0,0.0,0,0.0,217.5
131,btc-updown-5m-1790669100,1,126,124,296.0,25.54,2.041,2.996,3.007,3.155,3.182,125,1.0,96,0.768,10,0.08,0,0.0,0,0.0,0,0.0,224.0
132,btc-updown-5m-1790669400,1,126,125,296.85,25.47,2.046,3.019,3.029,3.136,3.22,125,1.0,94,0.752,16,0.128,0,0.0,0,0.0,0,0.0,236.5
133,btc-updown-5m-1790669700,1,127,125,298.99,25.49,2.054,2.999,3.035,3.163,3.182,126,1.0,99,0.7857,12,0.0952,0,0.0,0,0.0,0,0.0,242
134,btc-updown-5m-1790670000,1,126,125,296.8,25.47,2.05,3.002,3.014,3.058,3.07,125,1.0,97,0.776,14,0.112,0,0.0,0,0.0,0,0.0,238.0
135,btc-updown-5m-1790670300,1,122,105,296.69,24.67,2.214,3.114,3.531,3.991,4.0,121,1.0,91,0.7521,21,0.1736,0,0.0,0,0.0,0,0.0,243.5
136,btc-updown-5m-1790670600,1,125,119,295.69,25.36,2.06,3.01,3.039,3.267,3.301,124,1.0,90,0.7258,20,0.1613,0,0.0,0,0.0,0,0.0,235
137,btc-updown-5m-1790670900,1,126,125,297.95,25.37,2.041,3.02,3.144,3.232,3.256,125,1.0,91,0.728,19,0.152,0,0.0,0,0.0,0,0.0,261.5
138,btc-updown-5m-1790671200,1,126,119,296.94,25.46,2.059,2.98,3.005,3.265,3.295,125,1.0,103,0.824,8,0.064,0,0.0,0,0.0,0,0.0,267.0
139,btc-updown-5m-1790671500,1,127,118,298.97,25.49,2.053,2.995,3.019,3.129,3.177,126,1.0,101,0.8016,10,0.0794,0,0.0,0,0.0,0,0.0,271
140,btc-updown-5m-1790671800,1,125,122,294.88,25.43,2.039,3.015,3.031,3.094,3.095,124,1.0,90,0.7258,18,0.1452,0,0.0,0,0.0,0,0.0,274
141,btc-updown-5m-1790672100,1,126,124,298.99,25.29,2.127,3.01,3.027,3.205,3.253,125,1.0,95,0.76,15,0.12,0,0.0,0,0.0,0,0.0,283.0
142,btc-updown-5m-1790672400,1,123,122,296.92,24.86,2.053,3.002,3.028,3.969,3.972,122,1.0,100,0.8197,14,0.1148,0,0.0,0,0.0,0,0.0,281
143,btc-updown-5m-1790672700,1,125,123,297.63,25.2,2.07,3.01,3.085,3.49,3.981,124,1.0,92,0.7419,14,0.1129,0,0.0,0,0.0,0,0.0,286
144,btc-updown-5m-1790673000,1,123,122,296.85,24.86,2.099,3.02,3.078,3.693,3.967,122,1.0,99,0.8115,19,0.1557,0,0.0,0,0.0,0,0.0,295
145,btc-updown-5m-1790673300,1,125,124,296.89,25.26,2.04,3.028,3.224,3.582,3.707,123,0.9919,91,0.7339,23,0.1855,0,0.0,0,0.0,0,0.0,285
146,btc-updown-5m-1790673600,1,125,124,298.93,25.09,2.152,3.011,3.13,3.966,4.043,124,1.0,98,0.7903,15,0.121,0,0.0,0,0.0,0,0.0,308
147,btc-updown-5m-1790673900,1,125,124,296.74,25.27,2.05,3.002,3.081,3.208,3.243,124,1.0,99,0.7984,13,0.1048,0,0.0,0,0.0,0,0.0,320
148,btc-updown-5m-1790674200,1,126,125,297.99,25.37,2.07,3.008,3.052,3.127,3.897,125,1.0,93,0.744,15,0.12,0,0.0,0,0.0,0,0.0,326.0
149,btc-updown-5m-1790674500,1,124,123,296.75,25.07,2.061,2.99,3.012,3.673,3.954,123,1.0,100,0.813,9,0.0732,0,0.0,0,0.0,0,0.0,324.0
150,btc-updown-5m-1790674800,1,126,123,295.98,25.54,2.06,2.996,3.03,3.165,3.255,125,1.0,99,0.792,11,0.088,0,0.0,0,0.0,0,0.0,333.5
151,btc-updown-5m-1790675100,1,93,76,223.9,24.92,2.08,3.025,3.238,3.926,3.926,92,1.0,75,0.8152,14,0.1522,0,0.0,0,0.0,0,0.0,348
152,btc-updown-5m-1790681100,2,111,110,174.16,38.24,1.001,3.023,3.341,5.488,7.111,39,0.3545,25,0.2273,13,0.1182,2,0.0182,0,0.0,0,0.0,4
153,btc-updown-5m-1790681400,2,122,121,298.61,24.51,2.287,3.253,3.486,4.238,4.316,121,1.0,96,0.7934,18,0.1488,0,0.0,0,0.0,0,0.0,313.5
154,btc-updown-5m-1790681700,2,121,118,297.79,24.38,2.159,3.204,3.944,4.053,4.186,119,0.9917,88,0.7333,28,0.2333,0,0.0,0,0.0,0,0.0,366
155,btc-updown-5m-1790682000,2,123,122,295.88,24.94,2.113,3.128,3.267,3.937,4.03,122,1.0,86,0.7049,23,0.1885,0,0.0,0,0.0,0,0.0,326
156,btc-updown-5m-1790682300,2,125,123,297.02,25.25,2.062,3.039,3.154,3.395,3.663,124,1.0,92,0.7419,21,0.1694,0,0.0,0,0.0,0,0.0,285
157,btc-updown-5m-1790682600,2,123,121,297.92,24.77,2.109,3.121,3.689,4.096,4.337,122,1.0,86,0.7049,24,0.1967,0,0.0,0,0.0,0,0.0,331
158,btc-updown-5m-1790682900,2,119,117,297.87,23.97,2.244,3.525,4.006,4.088,4.746,118,1.0,86,0.7288,27,0.2288,0,0.0,0,0.0,0,0.0,342
159,btc-updown-5m-1790683200,2,124,121,296.99,25.05,2.117,3.064,3.166,3.711,3.759,123,1.0,90,0.7317,27,0.2195,0,0.0,0,0.0,0,0.0,341.5
160,btc-updown-5m-1790683500,2,125,123,297.82,25.18,2.062,3.028,3.083,3.353,3.992,124,1.0,91,0.7339,20,0.1613,0,0.0,0,0.0,0,0.0,342
161,btc-updown-5m-1790683800,2,121,104,296.2,24.51,2.188,3.247,3.714,3.979,4.113,120,1.0,85,0.7083,29,0.2417,0,0.0,0,0.0,0,0.0,345
162,btc-updown-5m-1790684100,2,120,118,297.95,24.17,2.074,3.237,3.958,4.004,4.044,119,1.0,91,0.7647,30,0.2521,0,0.0,0,0.0,0,0.0,369.0
163,btc-updown-5m-1790684400,2,122,121,296.94,24.65,2.082,3.101,3.714,3.945,3.982,121,1.0,84,0.6942,32,0.2645,0,0.0,0,0.0,0,0.0,375.0
164,btc-updown-5m-1790684700,2,121,118,297.93,24.37,2.09,3.146,3.966,4.056,4.079,120,1.0,83,0.6917,21,0.175,0,0.0,0,0.0,0,0.0,389
165,btc-updown-5m-1790685000,2,122,111,297.12,24.64,2.053,3.074,3.433,4.022,4.046,121,1.0,83,0.686,28,0.2314,0,0.0,0,0.0,0,0.0,380.5
166,btc-updown-5m-1790685300,2,123,118,297.99,24.77,2.04,3.049,3.244,4.001,4.015,122,1.0,92,0.7541,23,0.1885,0,0.0,0,0.0,0,0.0,385
167,btc-updown-5m-1790685600,2,93,76,229.98,24.26,2.1,3.079,3.821,4.171,4.171,92,1.0,74,0.8043,13,0.1413,0,0.0,0,0.0,0,0.0,413
168,btc-updown-5m-1790692200,3,79,52,97.69,48.52,1.0,2.002,2.004,3.845,3.845,18,0.2308,14,0.1795,1,0.0128,0,0.0,0,0.0,0,0.0,7
169,btc-updown-5m-1790692500,3,122,110,298.36,24.53,2.076,3.763,3.989,4.012,4.062,107,0.8843,92,0.7603,33,0.2727,0,0.0,0,0.0,0,0.0,388.5
170,btc-updown-5m-1790692800,3,118,116,297.67,23.78,2.052,3.832,4.023,4.123,4.238,117,1.0,89,0.7607,22,0.188,0,0.0,0,0.0,0,0.0,423.5
171,btc-updown-5m-1790693100,3,115,106,298.67,23.1,2.165,3.916,4.067,4.261,4.267,114,1.0,81,0.7105,36,0.3158,0,0.0,0,0.0,0,0.0,423
172,btc-updown-5m-1790693400,3,111,110,297.66,22.37,2.314,3.977,4.08,4.537,4.633,110,1.0,78,0.7091,42,0.3818,0,0.0,0,0.0,0,0.0,422
173,btc-updown-5m-1790693700,3,107,106,296.97,21.62,2.349,4.012,4.069,4.296,4.541,106,1.0,78,0.7358,45,0.4245,0,0.0,0,0.0,0,0.0,441
174,btc-updown-5m-1790694000,3,113,112,295.69,22.93,2.22,3.885,3.989,4.058,4.122,112,1.0,82,0.7321,38,0.3393,0,0.0,0,0.0,0,0.0,440
175,btc-updown-5m-1790694300,3,119,116,297.9,23.97,2.08,3.67,3.831,4.058,4.297,118,1.0,86,0.7288,33,0.2797,0,0.0,0,0.0,0,0.0,431
176,btc-updown-5m-1790694600,3,121,120,296.64,24.47,2.05,3.025,3.866,4.02,4.028,120,1.0,95,0.7917,19,0.1583,0,0.0,0,0.0,0,0.0,443
177,btc-updown-5m-1790694900,3,118,115,296.98,23.84,2.062,3.774,3.961,4.034,4.324,117,1.0,99,0.8462,25,0.2137,0,0.0,0,0.0,0,0.0,451.5
178,btc-updown-5m-1790695200,3,112,111,294.75,22.8,2.07,4.005,4.03,4.137,4.287,111,1.0,80,0.7207,37,0.3333,0,0.0,0,0.0,0,0.0,467.0
179,btc-updown-5m-1790695500,3,112,108,298.67,22.5,2.231,3.977,4.034,4.056,4.073,111,1.0,78,0.7027,41,0.3694,0,0.0,0,0.0,0,0.0,453.0
180,btc-updown-5m-1790695800,3,111,110,294.64,22.6,2.296,4.002,4.049,4.088,4.337,110,1.0,80,0.7273,38,0.3455,0,0.0,0,0.0,0,0.0,458
181,btc-updown-5m-1790696100,3,111,110,296.03,22.5,2.315,3.913,4.08,4.326,4.516,109,0.9909,81,0.7364,41,0.3727,0,0.0,0,0.0,0,0.0,464
182,btc-updown-5m-1790705400,4,149,148,254.27,35.16,1.01,3.031,3.686,4.08,4.156,73,0.4932,43,0.2905,18,0.1216,0,0.0,0,0.0,0,0.0,10
183,btc-updown-5m-1790705700,4,112,110,297.73,22.57,2.277,3.969,4.003,4.078,4.124,111,1.0,88,0.7928,37,0.3333,0,0.0,0,0.0,0,0.0,451.0
184,btc-updown-5m-1790706000,4,111,110,295.67,22.53,2.08,3.989,4.013,4.19,4.263,110,1.0,87,0.7909,36,0.3273,0,0.0,0,0.0,0,0.0,491
185,btc-updown-5m-1790706300,4,109,108,296.72,22.04,2.079,4.007,4.028,4.289,4.338,108,1.0,83,0.7685,40,0.3704,0,0.0,0,0.0,0,0.0,496
186,btc-updown-5m-1790706600,4,106,104,296.84,21.43,2.259,4.01,4.066,4.253,4.323,105,1.0,81,0.7714,42,0.4,0,0.0,0,0.0,0,0.0,500.0
187,btc-updown-5m-1790706900,4,103,100,297.78,20.75,3.012,4.029,4.121,4.346,4.454,102,1.0,75,0.7353,51,0.5,0,0.0,0,0.0,0,0.0,516
188,btc-updown-5m-1790707200,4,102,101,296.26,20.66,2.429,4.031,4.28,4.692,5.903,101,1.0,81,0.802,48,0.4752,1,0.0099,0,0.0,0,0.0,518.5
189,btc-updown-5m-1790707500,4,104,102,295.59,21.11,2.388,4.064,4.191,4.363,4.366,103,1.0,82,0.7961,44,0.4272,0,0.0,0,0.0,0,0.0,511.0
190,btc-updown-5m-1790707800,4,112,111,298.77,22.49,2.323,3.997,4.034,4.28,4.404,111,1.0,75,0.6757,44,0.3964,0,0.0,0,0.0,0,0.0,477.0
191,btc-updown-5m-1790708100,4,107,106,297.57,21.57,2.315,4.061,4.144,4.416,4.816,105,0.9906,78,0.7358,43,0.4057,0,0.0,0,0.0,0,0.0,452
192,btc-updown-5m-1790708400,4,109,107,297.8,21.96,2.318,3.985,4.057,4.211,4.442,108,1.0,84,0.7778,43,0.3981,0,0.0,0,0.0,0,0.0,481
193,btc-updown-5m-1790708700,4,109,108,297.57,21.98,2.348,4.051,4.233,4.309,4.917,108,1.0,78,0.7222,42,0.3889,0,0.0,0,0.0,0,0.0,500
194,btc-updown-5m-1790709000,4,102,100,294.0,20.82,2.372,4.016,4.081,4.212,4.215,101,1.0,78,0.7723,48,0.4752,0,0.0,0,0.0,0,0.0,540.0
195,btc-updown-5m-1790709300,4,100,99,295.67,20.29,2.37,4.022,4.04,4.086,4.086,99,1.0,81,0.8182,49,0.4949,0,0.0,0,0.0,0,0.0,553.0
196,btc-updown-5m-1790709600,4,100,99,295.68,20.29,2.38,4.023,4.032,4.158,4.158,99,1.0,84,0.8485,49,0.4949,0,0.0,0,0.0,0,0.0,550.0
197,btc-updown-5m-1790709900,4,100,99,295.99,20.27,2.379,4.021,4.074,4.361,4.361,99,1.0,79,0.798,49,0.4949,0,0.0,0,0.0,0,0.0,559.0
198,btc-updown-5m-1790710200,4,100,99,295.99,20.27,2.479,4.032,4.128,4.4,4.4,99,1.0,83,0.8384,49,0.4949,0,0.0,0,0.0,0,0.0,567.5
199,btc-updown-5m-1790710500,4,100,99,295.65,20.29,2.388,4.0,4.019,4.269,4.269,99,1.0,91,0.9192,49,0.4949,0,0.0,0,0.0,0,0.0,579.0
200,btc-updown-5m-1790710800,4,100,99,295.67,20.29,2.378,4.02,4.106,4.31,4.31,99,1.0,79,0.798,49,0.4949,0,0.0,0,0.0,0,0.0,588.5
201,btc-updown-5m-1790711100,4,100,99,295.73,20.29,2.379,4.049,4.151,4.287,4.287,99,1.0,79,0.798,49,0.4949,0,0.0,0,0.0,0,0.0,595.0
202,btc-updown-5m-1790711400,4,99,98,296.77,20.02,3.643,4.11,4.309,4.835,4.835,98,1.0,77,0.7857,49,0.5,0,0.0,0,0.0,0,0.0,599
203,btc-updown-5m-1790711700,4,100,99,295.85,20.28,2.841,4.093,4.28,4.417,4.417,99,1.0,78,0.7879,49,0.4949,0,0.0,0,0.0,0,0.0,602.0
204,btc-updown-5m-1790712000,4,100,99,295.96,20.27,2.389,4.051,4.112,4.329,4.329,99,1.0,71,0.7172,49,0.4949,0,0.0,0,0.0,0,0.0,580.5
205,btc-updown-5m-1790712300,4,100,99,295.98,20.27,2.412,4.028,4.137,4.373,4.373,99,1.0,80,0.8081,49,0.4949,0,0.0,0,0.0,0,0.0,585.5
206,btc-updown-5m-1790712600,4,100,99,295.71,20.29,2.358,4.033,4.058,4.316,4.316,99,1.0,85,0.8586,49,0.4949,0,0.0,0,0.0,0,0.0,591.0
207,btc-updown-5m-1790712900,4,100,99,295.62,20.3,2.409,4.041,4.151,4.308,4.308,99,1.0,78,0.7879,49,0.4949,0,0.0,0,0.0,0,0.0,595.5
208,btc-updown-5m-1790713200,4,100,99,295.63,20.3,2.27,4.035,4.068,4.293,4.293,99,1.0,83,0.8384,49,0.4949,0,0.0,0,0.0,0,0.0,603.5
209,btc-updown-5m-1790713500,4,100,99,295.91,20.28,2.129,4.02,4.052,4.31,4.31,99,1.0,76,0.7677,49,0.4949,0,0.0,0,0.0,0,0.0,607.0
210,btc-updown-5m-1790713800,4,100,99,297.17,20.19,2.573,4.065,4.282,4.437,4.437,99,1.0,77,0.7778,49,0.4949,0,0.0,0,0.0,0,0.0,618.0
211,btc-updown-5m-1790714100,4,100,98,295.95,20.27,2.335,4.055,4.137,4.306,4.306,99,1.0,75,0.7576,49,0.4949,0,0.0,0,0.0,0,0.0,615.0
212,btc-updown-5m-1790714400,4,100,99,296.01,20.27,2.331,4.03,4.051,4.241,4.241,99,1.0,78,0.7879,49,0.4949,0,0.0,0,0.0,0,0.0,611.0
213,btc-updown-5m-1790714700,4,100,98,295.63,20.3,2.384,4.029,4.084,4.364,4.364,99,1.0,75,0.7576,49,0.4949,0,0.0,0,0.0,0,0.0,629.0
214,btc-updown-5m-1790715000,4,100,99,297.0,20.2,2.589,4.123,4.186,4.349,4.349,99,1.0,80,0.8081,49,0.4949,0,0.0,0,0.0,0,0.0,669.0
215,btc-updown-5m-1790715300,4,100,98,296.05,20.27,2.374,4.065,4.217,4.336,4.336,99,1.0,75,0.7576,49,0.4949,0,0.0,0,0.0,0,0.0,637.0
216,btc-updown-5m-1790715600,4,100,99,296.94,20.21,2.637,4.058,4.221,4.344,4.344,99,1.0,75,0.7576,49,0.4949,0,0.0,0,0.0,0,0.0,632.5
217,btc-updown-5m-1790715900,4,97,95,293.9,19.8,3.418,4.039,4.297,6.191,6.191,96,1.0,76,0.7917,48,0.5,1,0.0104,0,0.0,0,0.0,666
218,btc-updown-5m-1790716200,4,100,99,298.01,20.13,2.638,4.039,4.118,4.344,4.344,99,1.0,75,0.7576,49,0.4949,0,0.0,0,0.0,0,0.0,657.0
219,btc-updown-5m-1790716500,4,99,98,294.92,20.14,3.598,4.163,4.323,4.398,4.398,98,1.0,77,0.7857,49,0.5,0,0.0,0,0.0,0,0.0,642
220,btc-updown-5m-1790716800,4,100,99,297.95,20.14,3.639,4.053,4.075,4.368,4.368,99,1.0,77,0.7778,50,0.5051,0,0.0,0,0.0,0,0.0,646.0
221,btc-updown-5m-1790717100,4,99,98,297.95,19.94,3.524,4.307,4.35,4.572,4.572,98,1.0,74,0.7551,50,0.5102,0,0.0,0,0.0,0,0.0,660
222,btc-updown-5m-1790717400,4,97,96,294.9,19.74,3.668,4.251,4.34,5.159,5.159,96,1.0,79,0.8229,48,0.5,1,0.0104,0,0.0,0,0.0,675
223,btc-updown-5m-1790717700,4,98,96,295.65,19.89,2.653,4.242,4.355,5.034,5.034,97,1.0,78,0.8041,48,0.4948,1,0.0103,0,0.0,0,0.0,661.0
224,btc-updown-5m-1790718000,4,97,96,295.95,19.67,3.614,4.351,4.363,4.458,4.458,96,1.0,76,0.7917,48,0.5,0,0.0,0,0.0,0,0.0,641
225,btc-updown-5m-1790718300,4,92,91,294.94,18.72,3.653,4.351,4.793,5.435,5.435,91,1.0,74,0.8132,47,0.5165,3,0.033,0,0.0,0,0.0,648.0
226,btc-updown-5m-1790718600,4,99,98,299.33,19.84,3.587,4.187,4.306,5.475,5.475,98,1.0,82,0.8367,49,0.5,1,0.0102,0,0.0,0,0.0,662
227,btc-updown-5m-1790718900,4,97,95,294.96,19.73,3.488,4.187,4.405,5.764,5.764,96,1.0,76,0.7917,48,0.5,1,0.0104,0,0.0,0,0.0,641
228,btc-updown-5m-1790719200,4,98,97,294.02,20.0,3.412,4.045,4.225,4.377,4.377,97,1.0,80,0.8247,49,0.5052,0,0.0,0,0.0,0,0.0,667.5
229,btc-updown-5m-1790719500,4,92,91,298.53,18.49,3.549,4.408,4.506,6.313,6.313,91,1.0,82,0.9011,46,0.5055,2,0.022,0,0.0,0,0.0,676.5
230,btc-updown-5m-1790719800,4,93,92,293.99,18.98,3.604,4.359,4.434,5.515,5.515,92,1.0,83,0.9022,46,0.5,1,0.0109,0,0.0,0,0.0,675
231,btc-updown-5m-1790720100,4,97,96,296.49,19.63,3.419,4.183,4.368,4.611,4.611,96,1.0,84,0.875,48,0.5,0,0.0,0,0.0,0,0.0,694
232,btc-updown-5m-1790720400,4,97,96,295.88,19.67,3.55,4.226,4.341,4.833,4.833,96,1.0,76,0.7917,49,0.5104,0,0.0,0,0.0,0,0.0,679
233,btc-updown-5m-1790720700,4,99,97,297.75,19.95,3.546,4.054,4.225,4.387,4.387,98,1.0,81,0.8265,49,0.5,0,0.0,0,0.0,0,0.0,680
234,btc-updown-5m-1790721000,4,97,96,297.88,19.54,3.546,4.115,4.388,4.432,4.432,96,1.0,80,0.8333,49,0.5104,0,0.0,0,0.0,0,0.0,674
235,btc-updown-5m-1790721300,4,74,73,293.72,15.12,3.842,7.288,8.174,10.543,10.543,73,1.0,63,0.863,44,0.6027,16,0.2192,1,0.0137,0,0.0,672.5
236,btc-updown-5m-1790721600,4,49,48,295.3,9.96,6.151,6.876,7.025,7.161,7.161,48,1.0,48,1.0,48,1.0,48,1.0,0,0.0,0,0.0,631
237,btc-updown-5m-1790721900,4,47,46,292.6,9.64,6.136,7.335,7.684,8.155,8.155,46,1.0,46,1.0,46,1.0,46,1.0,0,0.0,0,0.0,717
238,btc-updown-5m-1790722200,4,68,67,293.9,13.88,4.627,6.092,6.47,7.711,7.711,67,1.0,61,0.9104,51,0.7612,27,0.403,0,0.0,0,0.0,615.5
239,btc-updown-5m-1790722500,4,91,90,296.69,18.4,3.577,4.651,4.938,5.297,5.297,90,1.0,76,0.8444,48,0.5333,3,0.0333,0,0.0,0,0.0,706
240,btc-updown-5m-1790722800,4,97,96,296.95,19.6,3.424,4.223,4.422,4.986,4.986,96,1.0,82,0.8542,48,0.5,0,0.0,0,0.0,0,0.0,695
241,btc-updown-5m-1790723100,4,81,80,297.95,16.31,3.947,5.09,5.419,5.824,5.824,80,1.0,72,0.9,54,0.675,14,0.175,0,0.0,0,0.0,594
242,btc-updown-5m-1790723400,4,97,96,296.79,19.61,3.655,4.27,4.367,5.018,5.018,96,1.0,67,0.6979,50,0.5208,1,0.0104,0,0.0,0,0.0,687
243,btc-updown-5m-1790723700,4,85,84,291.56,17.49,3.835,5.06,5.273,5.756,5.756,84,1.0,69,0.8214,50,0.5952,11,0.131,0,0.0,0,0.0,705
244,btc-updown-5m-1790724000,4,85,84,299.45,17.03,3.91,5.104,5.26,5.865,5.865,84,1.0,75,0.8929,51,0.6071,10,0.119,0,0.0,0,0.0,696
245,btc-updown-5m-1790724300,4,94,93,294.55,19.15,3.557,4.284,4.725,5.739,5.739,93,1.0,75,0.8065,48,0.5161,3,0.0323,0,0.0,0,0.0,714.5
246,btc-updown-5m-1790724600,4,94,92,295.01,19.12,3.42,4.475,4.585,5.468,5.468,93,1.0,74,0.7957,48,0.5161,2,0.0215,0,0.0,0,0.0,737.5
247,btc-updown-5m-1790724900,4,95,94,296.27,19.24,3.601,4.345,4.676,5.116,5.116,94,1.0,77,0.8191,49,0.5213,1,0.0106,0,0.0,0,0.0,695
248,btc-updown-5m-1790725200,4,100,98,298.75,20.08,2.656,4.12,4.254,4.629,4.629,99,1.0,70,0.7071,49,0.4949,0,0.0,0,0.0,0,0.0,727.5
249,btc-updown-5m-1790725500,4,99,98,294.97,20.14,3.7,4.025,4.062,4.393,4.393,98,1.0,84,0.8571,49,0.5,0,0.0,0,0.0,0,0.0,745
250,btc-updown-5m-1790725800,4,98,96,297.49,19.77,3.458,4.087,4.137,4.343,4.343,97,1.0,81,0.8351,50,0.5155,0,0.0,0,0.0,0,0.0,776.5
251,btc-updown-5m-1790726100,4,97,95,296.08,19.66,3.634,4.041,4.089,4.362,4.362,96,1.0,84,0.875,50,0.5208,0,0.0,0,0.0,0,0.0,772
252,btc-updown-5m-1790726400,4,98,96,296.0,19.86,2.73,4.112,4.373,4.949,4.949,97,1.0,76,0.7835,48,0.4948,0,0.0,0,0.0,0,0.0,770.0
253,btc-updown-5m-1790726700,4,96,95,296.71,19.41,2.792,4.195,4.446,5.027,5.027,95,1.0,79,0.8316,47,0.4947,1,0.0105,0,0.0,0,0.0,785.0
254,btc-updown-5m-1790727000,4,99,98,296.82,20.01,3.811,4.041,4.16,4.912,4.912,98,1.0,79,0.8061,49,0.5,0,0.0,0,0.0,0,0.0,778
255,btc-updown-5m-1790727300,4,98,96,298.61,19.69,3.66,4.043,4.133,4.6,4.6,97,1.0,84,0.866,52,0.5361,0,0.0,0,0.0,0,0.0,783.5
256,btc-updown-5m-1790727600,4,97,96,295.72,19.68,3.619,4.048,4.132,4.865,4.865,96,1.0,78,0.8125,51,0.5312,0,0.0,0,0.0,0,0.0,797
257,btc-updown-5m-1790727900,4,98,97,295.84,19.88,2.803,4.052,4.487,5.189,5.189,97,1.0,78,0.8041,48,0.4948,1,0.0103,0,0.0,0,0.0,792.0
258,btc-updown-5m-1790728200,4,95,94,296.66,19.21,3.638,4.59,4.84,5.095,5.095,94,1.0,72,0.766,47,0.5,3,0.0319,0,0.0,0,0.0,808
259,btc-updown-5m-1790728500,4,95,93,295.9,19.26,3.624,4.208,4.414,4.896,4.896,94,1.0,80,0.8511,49,0.5213,0,0.0,0,0.0,0,0.0,786
260,btc-updown-5m-1790728800,4,97,96,298.72,19.48,3.618,4.222,4.801,5.102,5.102,96,1.0,80,0.8333,48,0.5,3,0.0312,0,0.0,0,0.0,803
261,btc-updown-5m-1790729100,4,97,96,297.62,19.56,3.613,4.12,4.339,4.588,4.588,96,1.0,75,0.7812,50,0.5208,0,0.0,0,0.0,0,0.0,816
262,btc-updown-5m-1790729400,4,95,94,293.54,19.42,3.595,4.105,4.491,5.002,5.002,94,1.0,76,0.8085,50,0.5319,1,0.0106,0,0.0,0,0.0,797
263,btc-updown-5m-1790729700,4,98,96,296.6,19.82,2.77,4.077,4.342,4.991,4.991,97,1.0,73,0.7526,48,0.4948,0,0.0,0,0.0,0,0.0,808.0
264,btc-updown-5m-1790730000,4,96,95,296.54,19.42,3.889,4.058,4.751,5.121,5.121,95,1.0,74,0.7789,50,0.5263,2,0.0211,0,0.0,0,0.0,827.0
265,btc-updown-5m-1790730300,4,93,92,295.96,18.85,3.912,4.357,4.641,4.992,4.992,92,1.0,80,0.8696,51,0.5543,0,0.0,0,0.0,0,0.0,837
266,btc-updown-5m-1790730600,4,98,96,295.93,19.87,2.199,4.096,4.912,5.035,5.035,97,1.0,71,0.732,48,0.4948,1,0.0103,0,0.0,0,0.0,838.0
267,btc-updown-5m-1790730900,4,97,96,296.76,19.61,3.756,4.051,4.428,5.11,5.11,96,1.0,77,0.8021,48,0.5,3,0.0312,0,0.0,0,0.0,835
268,btc-updown-5m-1790731200,4,96,95,291.94,19.73,2.692,4.115,4.552,5.067,5.067,95,1.0,74,0.7789,47,0.4947,1,0.0105,0,0.0,0,0.0,838.0
269,btc-updown-5m-1790731500,4,96,94,298.59,19.29,2.968,4.262,4.4,5.208,5.208,95,1.0,81,0.8526,47,0.4947,1,0.0105,0,0.0,0,0.0,838.5
270,btc-updown-5m-1790731800,4,95,94,295.84,19.27,3.909,4.224,4.769,5.047,5.047,94,1.0,73,0.7766,48,0.5106,3,0.0319,0,0.0,0,0.0,843
271,btc-updown-5m-1790732100,4,93,92,294.53,18.95,3.837,4.17,4.442,5.002,5.002,92,1.0,80,0.8696,52,0.5652,1,0.0109,0,0.0,0,0.0,848
272,btc-updown-5m-1790732400,4,93,91,296.91,18.79,3.871,4.587,4.984,5.077,5.077,92,1.0,78,0.8478,49,0.5326,3,0.0326,0,0.0,0,0.0,856
273,btc-updown-5m-1790732700,4,93,92,294.83,18.93,3.839,4.549,4.952,5.072,5.072,92,1.0,76,0.8261,50,0.5435,3,0.0326,0,0.0,0,0.0,867
274,btc-updown-5m-1790733000,4,94,92,295.93,19.06,3.859,4.071,4.683,5.063,5.063,93,1.0,78,0.8387,52,0.5591,3,0.0323,0,0.0,0,0.0,869.0
275,btc-updown-5m-1790733300,4,94,93,294.61,19.14,3.819,4.121,4.987,5.062,5.062,93,1.0,73,0.7849,50,0.5376,3,0.0323,0,0.0,0,0.0,875.5
276,btc-updown-5m-1790733600,4,94,93,295.68,19.07,3.739,4.426,4.893,5.291,5.291,93,1.0,77,0.828,48,0.5161,2,0.0215,0,0.0,0,0.0,869.5
277,btc-updown-5m-1790733900,4,96,94,296.57,19.42,2.859,4.37,4.931,4.997,4.997,95,1.0,81,0.8526,47,0.4947,0,0.0,0,0.0,0,0.0,870.0
278,btc-updown-5m-1790734200,4,91,89,297.59,18.35,3.88,4.893,5.066,5.228,5.228,90,1.0,76,0.8444,51,0.5667,5,0.0556,0,0.0,0,0.0,870
279,btc-updown-5m-1790734500,4,92,91,297.6,18.55,3.875,4.625,4.926,5.375,5.375,91,1.0,77,0.8462,49,0.5385,3,0.033,0,0.0,0,0.0,874.5
280,btc-updown-5m-1790734800,4,92,90,291.64,18.93,3.767,4.42,4.753,5.199,5.199,91,1.0,76,0.8352,49,0.5385,1,0.011,0,0.0,0,0.0,880.5
281,btc-updown-5m-1790735100,4,96,95,298.67,19.29,3.818,4.266,4.874,5.183,5.183,95,1.0,72,0.7579,49,0.5158,2,0.0211,0,0.0,0,0.0,871.5
282,btc-updown-5m-1790735400,4,92,91,294.67,18.73,3.917,4.812,5.002,5.095,5.095,91,1.0,74,0.8132,48,0.5275,5,0.0549,0,0.0,0,0.0,895.0
283,btc-updown-5m-1790735700,4,91,90,294.68,18.53,3.896,4.918,5.029,5.22,5.22,90,1.0,76,0.8444,51,0.5667,7,0.0778,0,0.0,0,0.0,903
284,btc-updown-5m-1790736000,4,91,90,297.81,18.33,3.919,4.859,5.009,5.075,5.075,90,1.0,75,0.8333,50,0.5556,5,0.0556,0,0.0,0,0.0,896
285,btc-updown-5m-1790736300,4,91,90,298.59,18.29,3.911,4.895,4.985,5.163,5.163,90,1.0,78,0.8667,47,0.5222,4,0.0444,0,0.0,0,0.0,887
286,btc-updown-5m-1790736600,4,89,87,296.08,18.04,3.9,4.843,4.95,5.113,5.113,88,1.0,75,0.8523,53,0.6023,2,0.0227,0,0.0,0,0.0,896
287,btc-updown-5m-1790736900,4,93,91,295.99,18.85,3.872,4.719,4.953,5.172,5.172,92,1.0,79,0.8587,47,0.5109,2,0.0217,0,0.0,0,0.0,906
288,btc-updown-5m-1790737200,4,91,90,297.84,18.33,3.931,4.888,4.977,5.151,5.151,90,1.0,76,0.8444,49,0.5444,3,0.0333,0,0.0,0,0.0,910
289,btc-updown-5m-1790737500,4,87,84,295.79,17.65,3.929,4.957,5.019,5.301,5.301,86,1.0,81,0.9419,48,0.5581,5,0.0581,0,0.0,0,0.0,907
290,btc-updown-5m-1790737800,4,91,90,295.55,18.47,3.884,4.802,5.011,5.202,5.202,90,1.0,76,0.8444,50,0.5556,5,0.0556,0,0.0,0,0.0,905
291,btc-updown-5m-1790738100,4,89,88,294.97,18.1,3.965,4.978,5.062,5.229,5.229,88,1.0,77,0.875,50,0.5682,7,0.0795,0,0.0,0,0.0,910
292,btc-updown-5m-1790738400,4,89,87,295.53,18.07,3.928,4.883,4.956,5.291,5.291,88,1.0,76,0.8636,49,0.5568,4,0.0455,0,0.0,0,0.0,927
293,btc-updown-5m-1790738700,4,85,84,296.62,17.19,3.933,4.985,5.072,5.29,5.29,84,1.0,78,0.9286,50,0.5952,8,0.0952,0,0.0,0,0.0,913
294,btc-updown-5m-1790739000,4,89,88,294.75,18.12,3.958,4.828,5.002,5.323,5.323,88,1.0,77,0.875,48,0.5455,5,0.0568,0,0.0,0,0.0,925
295,btc-updown-5m-1790739300,4,91,90,296.68,18.4,3.907,4.876,4.936,5.036,5.036,90,1.0,76,0.8444,47,0.5222,3,0.0333,0,0.0,0,0.0,929
296,btc-updown-5m-1790739600,4,87,86,294.7,17.71,3.962,4.987,5.054,5.259,5.259,86,1.0,77,0.8953,51,0.593,8,0.093,0,0.0,0,0.0,935
297,btc-updown-5m-1790739900,4,90,89,296.7,18.2,3.938,4.906,4.991,5.313,5.313,89,1.0,74,0.8315,52,0.5843,3,0.0337,0,0.0,0,0.0,927.0
298,btc-updown-5m-1790740200,4,82,81,297.69,16.53,3.977,4.986,5.034,5.335,5.335,81,1.0,77,0.9506,51,0.6296,7,0.0864,0,0.0,0,0.0,897.0
299,btc-updown-5m-1790740500,4,82,81,296.79,16.58,3.993,5.003,5.067,5.304,5.304,81,1.0,75,0.9259,51,0.6296,9,0.1111,0,0.0,0,0.0,905.5
300,btc-updown-5m-1790740800,4,89,88,294.82,18.11,3.94,4.984,5.028,5.282,5.282,88,1.0,78,0.8864,48,0.5455,5,0.0568,0,0.0,0,0.0,939
301,btc-updown-5m-1790741100,4,88,87,295.62,17.86,3.925,4.945,5.043,5.209,5.209,87,1.0,77,0.8851,49,0.5632,5,0.0575,0,0.0,0,0.0,945.0
302,btc-updown-5m-1790741400,4,89,87,295.55,18.07,3.907,4.982,5.029,5.194,5.194,88,1.0,81,0.9205,45,0.5114,6,0.0682,0,0.0,0,0.0,948
303,btc-updown-5m-1790741700,4,86,85,295.75,17.45,3.949,4.983,5.049,5.277,5.277,85,1.0,78,0.9176,50,0.5882,6,0.0706,0,0.0,0,0.0,942.0
304,btc-updown-5m-1790742000,4,86,84,296.82,17.38,3.939,4.994,5.02,5.258,5.258,85,1.0,79,0.9294,55,0.6471,8,0.0941,0,0.0,0,0.0,954.0
305,btc-updown-5m-1790742300,4,83,82,297.55,16.74,3.991,4.969,5.008,5.198,5.198,82,1.0,81,0.9878,53,0.6463,5,0.061,0,0.0,0,0.0,906
306,btc-updown-5m-1790742600,4,84,83,297.52,16.94,3.943,4.984,5.043,5.154,5.154,83,1.0,81,0.9759,52,0.6265,6,0.0723,0,0.0,0,0.0,931.5
307,btc-updown-5m-1790742900,4,83,82,297.68,16.73,3.988,5.021,5.057,5.43,5.43,82,1.0,77,0.939,51,0.622,11,0.1341,0,0.0,0,0.0,946
308,btc-updown-5m-1790743200,4,82,81,291.8,16.86,3.966,4.992,5.106,5.301,5.301,81,1.0,76,0.9383,47,0.5802,8,0.0988,0,0.0,0,0.0,944.0
309,btc-updown-5m-1790743500,4,84,83,299.59,16.82,3.952,4.978,5.079,5.319,5.319,83,1.0,80,0.9639,50,0.6024,7,0.0843,0,0.0,0,0.0,396.0
310,btc-updown-5m-1790743800,4,80,79,297.58,16.13,4.01,5.003,5.101,5.244,5.244,79,1.0,76,0.962,55,0.6962,9,0.1139,0,0.0,0,0.0,259.0
311,btc-updown-5m-1790744100,4,78,77,293.88,15.92,4.015,5.017,5.174,5.228,5.228,77,1.0,74,0.961,52,0.6753,11,0.1429,0,0.0,0,0.0,107.0
312,btc-updown-5m-1790744400,4,83,82,293.61,16.96,3.967,4.98,5.014,5.178,5.178,82,1.0,75,0.9146,51,0.622,5,0.061,0,0.0,0,0.0,953
313,btc-updown-5m-1790744700,4,76,74,296.59,15.37,4.533,5.073,5.152,5.444,5.444,75,1.0,72,0.96,54,0.72,17,0.2267,0,0.0,0,0.0,98.5
314,btc-updown-5m-1790745000,4,77,76,291.02,15.88,4.035,5.083,5.265,5.375,5.375,76,1.0,73,0.9605,53,0.6974,13,0.1711,0,0.0,0,0.0,171
315,btc-updown-5m-1790745300,4,78,77,299.16,15.64,4.511,5.051,5.158,5.427,5.427,77,1.0,74,0.961,53,0.6883,15,0.1948,0,0.0,0,0.0,194.5
316,btc-updown-5m-1790745600,4,74,73,291.7,15.22,4.681,5.128,5.163,5.362,5.362,73,1.0,73,1.0,56,0.7671,15,0.2055,0,0.0,0,0.0,142.0
317,btc-updown-5m-1790745900,4,73,72,295.87,14.8,4.824,5.069,5.13,5.442,5.442,72,1.0,71,0.9861,52,0.7222,15,0.2083,0,0.0,0,0.0,69
318,btc-updown-5m-1790746200,4,73,72,299.53,14.62,4.848,5.125,5.292,5.427,5.427,72,1.0,72,1.0,56,0.7778,19,0.2639,0,0.0,0,0.0,58
319,btc-updown-5m-1790746500,4,69,68,290.29,14.26,4.941,5.096,5.172,5.326,5.326,68,1.0,68,1.0,55,0.8088,24,0.3529,0,0.0,0,0.0,59
320,btc-updown-5m-1790746800,4,73,72,296.5,14.77,4.733,5.061,5.186,5.444,5.444,72,1.0,72,1.0,60,0.8333,14,0.1944,0,0.0,0,0.0,84
321,btc-updown-5m-1790747100,4,73,71,299.54,14.62,4.916,5.069,5.1,5.286,5.286,72,1.0,72,1.0,58,0.8056,18,0.25,0,0.0,0,0.0,78
322,btc-updown-5m-1790747400,4,73,72,296.77,14.76,4.816,5.054,5.112,5.411,5.411,72,1.0,72,1.0,59,0.8194,16,0.2222,0,0.0,0,0.0,47
323,btc-updown-5m-1790747700,4,70,69,290.86,14.44,4.802,5.109,5.228,5.432,5.432,69,1.0,69,1.0,60,0.8696,18,0.2609,0,0.0,0,0.0,71.0
324,btc-updown-5m-1790748000,4,72,71,298.68,14.46,4.765,5.135,5.242,5.393,5.393,71,1.0,71,1.0,61,0.8592,17,0.2394,0,0.0,0,0.0,84.5
325,btc-updown-5m-1790748300,4,72,71,296.78,14.56,4.738,5.159,5.259,5.415,5.415,71,1.0,71,1.0,62,0.8732,15,0.2113,0,0.0,0,0.0,88.5
326,btc-updown-5m-1790748600,4,72,71,292.92,14.75,4.658,5.06,5.13,5.388,5.388,71,1.0,71,1.0,56,0.7887,16,0.2254,0,0.0,0,0.0,72.0
327,btc-updown-5m-1790748900,4,72,71,293.66,14.71,4.794,5.073,5.142,5.316,5.316,71,1.0,71,1.0,60,0.8451,13,0.1831,0,0.0,0,0.0,81.5
328,btc-updown-5m-1790749200,4,71,69,297.93,14.3,4.889,5.154,5.229,5.51,5.51,70,1.0,70,1.0,61,0.8714,19,0.2714,0,0.0,0,0.0,95
329,btc-updown-5m-1790749500,4,71,70,295.73,14.41,4.881,5.077,5.131,5.28,5.28,70,1.0,70,1.0,62,0.8857,17,0.2429,0,0.0,0,0.0,88
330,btc-updown-5m-1790749800,4,66,64,295.2,13.41,4.643,5.897,6.18,7.159,7.159,65,1.0,65,1.0,61,0.9385,22,0.3385,0,0.0,0,0.0,369.5
331,btc-updown-5m-1790750100,4,67,66,295.48,13.6,4.79,6.102,6.202,8.765,8.765,66,1.0,66,1.0,60,0.9091,20,0.303,0,0.0,0,0.0,126
332,btc-updown-5m-1790750400,4,72,71,292.46,14.77,4.597,5.221,5.35,5.44,5.44,71,1.0,70,0.9859,56,0.7887,17,0.2394,0,0.0,0,0.0,66.5
333,btc-updown-5m-1790750700,4,72,71,295.92,14.6,4.861,5.017,5.129,5.376,5.376,71,1.0,71,1.0,65,0.9155,12,0.169,0,0.0,0,0.0,69.5
334,btc-updown-5m-1790751000,4,70,69,292.45,14.36,4.935,5.065,5.131,5.417,5.417,69,1.0,69,1.0,58,0.8406,15,0.2174,0,0.0,0,0.0,84.5
335,btc-updown-5m-1790751300,4,72,70,297.61,14.52,4.897,5.033,5.057,5.399,5.399,71,1.0,71,1.0,65,0.9155,14,0.1972,0,0.0,0,0.0,84.0
336,btc-updown-5m-1790751600,4,71,70,293.5,14.51,4.854,5.034,5.051,5.43,5.43,70,1.0,70,1.0,64,0.9143,13,0.1857,0,0.0,0,0.0,113
337,btc-updown-5m-1790751900,4,71,70,293.89,14.5,4.774,5.127,5.195,5.23,5.23,70,1.0,70,1.0,63,0.9,12,0.1714,0,0.0,0,0.0,122
338,btc-updown-5m-1790752200,4,73,72,295.61,14.82,4.557,5.0,5.027,5.371,5.371,72,1.0,72,1.0,69,0.9583,7,0.0972,0,0.0,0,0.0,108
339,btc-updown-5m-1790752500,4,72,71,296.62,14.56,4.778,5.079,5.146,5.345,5.345,71,1.0,71,1.0,64,0.9014,15,0.2113,0,0.0,0,0.0,104.0
340,btc-updown-5m-1790752800,4,71,70,294.5,14.47,4.784,5.121,5.237,6.064,6.064,70,1.0,70,1.0,63,0.9,14,0.2,0,0.0,0,0.0,104
341,btc-updown-5m-1790753100,4,68,66,293.89,13.88,4.884,5.136,5.382,6.092,6.092,67,1.0,67,1.0,60,0.8955,22,0.3284,0,0.0,0,0.0,132.0
342,btc-updown-5m-1790753400,4,71,70,295.54,14.41,4.621,5.307,5.528,6.047,6.047,70,1.0,70,1.0,64,0.9143,16,0.2286,0,0.0,0,0.0,123
343,btc-updown-5m-1790753700,4,71,70,295.48,14.42,4.774,5.068,5.18,5.42,5.42,70,1.0,70,1.0,62,0.8857,15,0.2143,0,0.0,0,0.0,121
344,btc-updown-5m-1790754000,4,73,72,295.77,14.81,4.664,5.02,5.11,5.216,5.216,72,1.0,72,1.0,64,0.8889,11,0.1528,0,0.0,0,0.0,94
345,btc-updown-5m-1790754300,4,69,68,291.73,14.19,4.923,5.14,5.469,5.582,5.582,68,1.0,68,1.0,61,0.8971,17,0.25,0,0.0,0,0.0,128
346,btc-updown-5m-1790754600,4,70,68,295.83,14.2,4.733,5.289,5.477,6.065,6.065,69,1.0,69,1.0,63,0.913,18,0.2609,0,0.0,0,0.0,129.0
347,btc-updown-5m-1790754900,4,71,69,295.54,14.41,4.864,5.053,5.101,5.429,5.429,70,1.0,70,1.0,63,0.9,15,0.2143,0,0.0,0,0.0,114
348,btc-updown-5m-1790755200,4,72,71,297.53,14.52,4.56,5.244,5.368,5.695,5.695,71,1.0,71,1.0,63,0.8873,14,0.1972,0,0.0,0,0.0,158.5
349,btc-updown-5m-1790755500,4,70,69,295.59,14.21,4.796,5.146,5.295,5.829,5.829,69,1.0,69,1.0,62,0.8986,20,0.2899,0,0.0,0,0.0,150.5
350,btc-updown-5m-1790755800,4,68,67,290.58,14.04,4.861,5.161,5.404,5.835,5.835,67,1.0,67,1.0,61,0.9104,21,0.3134,0,0.0,0,0.0,143.0
351,btc-updown-5m-1790756100,4,71,70,297.55,14.32,4.746,5.155,5.283,5.455,5.455,70,1.0,70,1.0,63,0.9,16,0.2286,0,0.0,0,0.0,134
352,btc-updown-5m-1790756400,4,72,71,297.63,14.51,4.63,5.125,5.233,5.91,5.91,71,1.0,71,1.0,63,0.8873,16,0.2254,0,0.0,0,0.0,152.0
353,btc-updown-5m-1790756700,4,69,67,293.56,14.1,4.936,5.1,5.249,5.294,5.294,68,1.0,68,1.0,56,0.8235,21,0.3088,0,0.0,0,0.0,152
354,btc-updown-5m-1790757000,4,72,71,296.59,14.57,4.633,5.072,5.286,5.411,5.411,71,1.0,71,1.0,66,0.9296,12,0.169,0,0.0,0,0.0,147.5
355,btc-updown-5m-1790757300,4,70,69,297.58,14.11,4.88,5.189,5.2,5.992,5.992,69,1.0,69,1.0,58,0.8406,18,0.2609,0,0.0,0,0.0,166.0
356,btc-updown-5m-1790757600,4,70,69,292.56,14.36,4.8,5.085,5.211,5.491,5.491,69,1.0,69,1.0,62,0.8986,16,0.2319,0,0.0,0,0.0,170.5
357,btc-updown-5m-1790757900,4,70,69,296.79,14.15,4.851,5.304,5.395,6.051,6.051,69,1.0,69,1.0,59,0.8551,21,0.3043,0,0.0,0,0.0,173.0
358,btc-updown-5m-1790758200,4,69,68,292.68,14.15,4.929,5.109,5.273,5.779,5.779,68,1.0,68,1.0,60,0.8824,20,0.2941,0,0.0,0,0.0,169
359,btc-updown-5m-1790758500,4,71,69,295.8,14.4,4.878,5.096,5.163,5.275,5.275,70,1.0,70,1.0,59,0.8429,14,0.2,0,0.0,0,0.0,170
360,btc-updown-5m-1790758800,4,70,68,292.8,14.34,4.808,5.14,5.183,5.323,5.323,69,1.0,69,1.0,62,0.8986,19,0.2754,0,0.0,0,0.0,168.0
361,btc-updown-5m-1790759100,4,71,70,295.69,14.41,4.76,5.085,5.238,5.637,5.637,70,1.0,70,1.0,64,0.9143,19,0.2714,0,0.0,0,0.0,175
362,btc-updown-5m-1790759400,4,70,69,294.84,14.25,4.755,5.154,5.231,5.422,5.422,69,1.0,69,1.0,61,0.8841,20,0.2899,0,0.0,0,0.0,176.5
363,btc-updown-5m-1790759700,4,67,66,296.96,13.54,4.716,5.707,5.826,7.336,7.336,66,1.0,66,1.0,63,0.9545,22,0.3333,0,0.0,0,0.0,219
364,btc-updown-5m-1790760000,4,70,68,294.38,14.27,4.641,5.214,5.421,6.126,6.126,69,1.0,69,1.0,62,0.8986,18,0.2609,0,0.0,0,0.0,205.0
365,btc-updown-5m-1790760300,4,71,70,294.94,14.44,4.543,5.344,5.481,6.088,6.088,70,1.0,70,1.0,63,0.9,13,0.1857,0,0.0,0,0.0,181
366,btc-updown-5m-1790760600,4,68,66,296.73,13.75,4.596,5.505,5.688,8.24,8.24,67,1.0,67,1.0,60,0.8955,19,0.2836,0,0.0,0,0.0,236.5
367,btc-updown-5m-1790760900,4,69,68,295.83,13.99,4.658,5.375,5.469,5.798,5.798,68,1.0,68,1.0,62,0.9118,23,0.3382,0,0.0,0,0.0,165
368,btc-updown-5m-1790761200,4,72,71,297.62,14.52,4.635,5.138,5.33,6.059,6.059,71,1.0,71,1.0,61,0.8592,14,0.1972,0,0.0,0,0.0,181.5
369,btc-updown-5m-1790761500,4,69,68,293.7,14.1,4.694,5.334,5.487,7.436,7.436,68,1.0,68,1.0,62,0.9118,18,0.2647,0,0.0,0,0.0,222
370,btc-updown-5m-1790761800,4,69,68,292.95,14.13,4.693,5.382,5.61,5.992,5.992,68,1.0,68,1.0,59,0.8676,18,0.2647,0,0.0,0,0.0,190
371,btc-updown-5m-1790762100,4,64,63,293.88,13.07,4.919,5.707,5.789,10.096,10.096,63,1.0,63,1.0,61,0.9683,29,0.4603,1,0.0159,0,0.0,227.5
372,btc-updown-5m-1790762400,4,66,64,297.88,13.29,4.975,5.498,6.049,6.72,6.72,65,1.0,65,1.0,59,0.9077,27,0.4154,0,0.0,0,0.0,194.5
373,btc-updown-5m-1790762700,4,69,68,293.49,14.11,4.875,5.329,5.548,5.987,5.987,68,1.0,68,1.0,59,0.8676,21,0.3088,0,0.0,0,0.0,191
374,btc-updown-5m-1790763000,4,71,70,298.23,14.28,4.869,5.109,5.469,5.494,5.494,70,1.0,70,1.0,63,0.9,16,0.2286,0,0.0,0,0.0,183
375,btc-updown-5m-1790763300,4,60,56,295.97,12.16,5.077,6.247,6.829,7.051,7.051,59,1.0,59,1.0,55,0.9322,33,0.5593,0,0.0,0,0.0,195.5
376,btc-updown-5m-1790763600,4,62,61,291.89,12.74,5.005,6.001,6.068,6.431,6.431,61,1.0,61,1.0,58,0.9508,31,0.5082,0,0.0,0,0.0,335.5
377,btc-updown-5m-1790763900,4,1,0,0.0,0.0,0.0,0.0,0.0,0.0,0.0,0,0.0,0,0.0,0,0.0,0,0.0,0,0.0,0,0.0,223007
378,btc-updown-5m-1790770200,5,32,31,70.83,27.11,1.003,4.004,5.0,5.996,5.996,13,0.4194,13,0.4194,11,0.3548,1,0.0323,0,0.0,0,0.0,1.0
379,btc-updown-5m-1790770500,5,76,73,295.04,15.46,4.313,5.958,6.526,7.557,7.557,60,0.8,60,0.8,57,0.76,23,0.3067,0,0.0,0,0.0,156.0
380,btc-updown-5m-1790770800,5,66,64,292.57,13.54,4.941,5.456,5.547,6.121,6.121,65,1.0,65,1.0,61,0.9385,26,0.4,0,0.0,0,0.0,187.5
381,btc-updown-5m-1790771100,5,67,66,295.22,13.62,4.895,5.67,5.818,6.155,6.155,66,1.0,66,1.0,60,0.9091,23,0.3485,0,0.0,0,0.0,232
382,btc-updown-5m-1790771400,5,69,67,297.98,13.89,4.584,5.448,5.894,6.486,6.486,68,1.0,68,1.0,64,0.9412,17,0.25,0,0.0,0,0.0,258
383,btc-updown-5m-1790771700,5,66,65,293.7,13.48,4.84,6.055,6.073,6.99,6.99,65,1.0,65,1.0,59,0.9077,22,0.3385,0,0.0,0,0.0,244.5
384,btc-updown-5m-1790772000,5,62,61,295.81,12.58,5.039,5.941,6.008,6.185,6.185,61,1.0,61,1.0,57,0.9344,35,0.5738,0,0.0,0,0.0,295.5
385,btc-updown-5m-1790772300,5,64,63,292.93,13.11,4.981,5.962,5.995,6.119,6.119,63,1.0,63,1.0,60,0.9524,27,0.4286,0,0.0,0,0.0,258.0
386,btc-updown-5m-1790772600,5,59,58,296.21,11.95,5.257,6.377,7.038,8.051,8.051,58,1.0,58,1.0,56,0.9655,36,0.6207,0,0.0,0,0.0,415
387,btc-updown-5m-1790772900,5,62,61,295.06,12.61,5.018,5.975,6.031,6.41,6.41,61,1.0,61,1.0,59,0.9672,31,0.5082,0,0.0,0,0.0,353.5
388,btc-updown-5m-1790773200,5,61,60,293.74,12.46,5.028,6.063,6.641,7.175,7.175,60,1.0,60,1.0,57,0.95,31,0.5167,0,0.0,0,0.0,362
389,btc-updown-5m-1790773500,5,62,61,292.88,12.7,4.989,6.245,6.602,7.055,7.055,61,1.0,61,1.0,55,0.9016,28,0.459,0,0.0,0,0.0,280.0
390,btc-updown-5m-1790773800,5,52,51,298.67,10.45,5.98,6.801,7.392,7.737,7.737,51,1.0,51,1.0,49,0.9608,45,0.8824,0,0.0,0,0.0,573.5
391,btc-updown-5m-1790774100,5,49,48,289.63,10.15,6.191,7.043,7.096,7.258,7.258,48,1.0,48,1.0,48,1.0,42,0.875,0,0.0,0,0.0,582
392,btc-updown-5m-1790774400,5,44,43,295.02,8.95,6.707,8.132,8.674,9.606,9.606,43,1.0,43,1.0,43,1.0,43,1.0,0,0.0,0,0.0,692.5
393,btc-updown-5m-1790774700,5,50,49,288.55,10.4,6.035,7.63,7.852,8.196,8.196,49,1.0,49,1.0,47,0.9592,36,0.7347,0,0.0,0,0.0,452.5
394,btc-updown-5m-1790775000,5,48,47,295.55,9.74,6.259,7.336,7.417,9.999,9.999,47,1.0,47,1.0,47,1.0,45,0.9574,0,0.0,0,0.0,527.0
395,btc-updown-5m-1790775300,5,54,53,289.57,11.19,5.662,7.051,7.443,9.549,9.549,53,1.0,53,1.0,52,0.9811,35,0.6604,0,0.0,0,0.0,359.5
396,btc-updown-5m-1790775600,5,61,60,296.59,12.34,5.076,5.999,6.412,6.69,6.69,60,1.0,60,1.0,57,0.95,35,0.5833,0,0.0,0,0.0,287
397,btc-updown-5m-1790775900,5,61,60,290.58,12.6,5.066,5.947,6.025,6.1,6.1,60,1.0,60,1.0,57,0.95,32,0.5333,0,0.0,0,0.0,276
398,btc-updown-5m-1790776200,5,63,62,297.9,12.69,5.041,5.923,5.948,6.071,6.071,62,1.0,62,1.0,59,0.9516,35,0.5645,0,0.0,0,0.0,260
399,btc-updown-5m-1790776500,5,63,62,295.93,12.77,5.034,5.957,5.989,6.137,6.137,62,1.0,62,1.0,58,0.9355,33,0.5323,0,0.0,0,0.0,275
400,btc-updown-5m-1790776800,5,55,51,297.42,11.1,5.354,6.16,9.015,29.394,29.394,54,1.0,54,1.0,52,0.963,31,0.5741,1,0.0185,0,0.0,304
401,btc-updown-5m-1790777100,5,3,0,10.32,17.44,5.299,5.299,5.299,5.299,5.299,2,1.0,2,1.0,2,1.0,2,1.0,0,0.0,0,0.0,220
402,btc-updown-5m-1790781600,6,17,10,35.07,29.08,1.007,4.111,6.878,6.878,6.878,6,0.375,6,0.375,4,0.25,1,0.0625,0,0.0,0,0.0,5
403,btc-updown-5m-1790781900,6,74,69,293.11,15.15,2.999,9.103,9.745,10.814,10.814,40,0.5479,40,0.5479,31,0.4247,26,0.3562,2,0.0274,0,0.0,5.0
404,btc-updown-5m-1790782200,6,63,45,296.83,12.73,5.062,6.209,6.407,7.801,7.801,62,1.0,62,1.0,52,0.8387,32,0.5161,0,0.0,0,0.0,266
405,btc-updown-5m-1790782500,6,60,56,293.1,12.28,5.141,6.328,6.57,7.464,7.464,59,1.0,59,1.0,55,0.9322,36,0.6102,0,0.0,0,0.0,319.0
406,btc-updown-5m-1790782800,6,60,59,294.08,12.24,5.085,6.091,6.696,7.011,7.011,59,1.0,59,1.0,57,0.9661,36,0.6102,0,0.0,0,0.0,280.5
407,btc-updown-5m-1790783100,6,62,49,294.98,12.61,5.02,5.896,6.047,6.358,6.358,61,1.0,61,1.0,58,0.9508,33,0.541,0,0.0,0,0.0,238.0
408,btc-updown-5m-1790783400,6,53,50,291.25,10.92,5.589,6.058,6.361,6.537,6.537,52,1.0,52,1.0,52,1.0,49,0.9423,0,0.0,0,0.0,356
409,btc-updown-5m-1790783700,6,57,56,297.17,11.51,5.507,6.061,6.105,6.346,6.346,56,1.0,56,1.0,55,0.9821,44,0.7857,0,0.0,0,0.0,306
410,btc-updown-5m-1790784000,6,63,62,295.4,12.8,4.986,5.578,6.029,11.392,11.392,62,1.0,62,1.0,60,0.9677,30,0.4839,1,0.0161,0,0.0,228
411,btc-updown-5m-1790784300,6,59,55,293.6,12.06,5.203,6.032,6.092,6.35,6.35,58,1.0,58,1.0,57,0.9828,38,0.6552,0,0.0,0,0.0,286
412,btc-updown-5m-1790784600,6,65,64,297.51,13.11,4.981,6.004,6.184,7.83,7.83,64,1.0,64,1.0,56,0.875,26,0.4062,0,0.0,0,0.0,292
413,btc-updown-5m-1790784900,6,52,51,290.49,10.74,5.884,6.789,7.014,7.624,7.624,51,1.0,51,1.0,50,0.9804,44,0.8627,0,0.0,0,0.0,320.0
414,btc-updown-5m-1790785200,6,56,54,296.89,11.32,5.55,6.134,6.875,7.979,7.979,55,1.0,55,1.0,55,1.0,41,0.7455,0,0.0,0,0.0,483.5
415,btc-updown-5m-1790785500,6,59,58,294.71,12.01,5.351,6.07,6.657,6.744,6.744,58,1.0,58,1.0,57,0.9828,38,0.6552,0,0.0,0,0.0,276
416,btc-updown-5m-1790785800,6,57,56,293.94,11.64,5.508,6.008,6.031,6.215,6.215,56,1.0,56,1.0,54,0.9643,42,0.75,0,0.0,0,0.0,283
417,btc-updown-5m-1790786100,6,53,52,288.95,11.01,5.75,6.063,6.171,6.541,6.541,52,1.0,52,1.0,51,0.9808,46,0.8846,0,0.0,0,0.0,374
418,btc-updown-5m-1790786400,6,57,55,294.82,11.6,5.482,6.042,6.155,6.239,6.239,56,1.0,56,1.0,55,0.9821,42,0.75,0,0.0,0,0.0,368
419,btc-updown-5m-1790786700,6,65,64,296.27,13.16,4.924,5.649,5.952,6.57,6.57,64,1.0,64,1.0,62,0.9688,25,0.3906,0,0.0,0,0.0,291
420,btc-updown-5m-1790787000,6,67,66,297.74,13.5,4.982,5.493,5.992,6.102,6.102,66,1.0,66,1.0,59,0.8939,27,0.4091,0,0.0,0,0.0,288
421,btc-updown-5m-1790787300,6,67,66,292.77,13.73,4.959,5.483,5.652,6.993,6.993,66,1.0,66,1.0,58,0.8788,23,0.3485,0,0.0,0,0.0,181
422,btc-updown-5m-1790787600,6,67,66,298.47,13.47,4.912,5.548,5.84,6.742,6.742,66,1.0,66,1.0,64,0.9697,23,0.3485,0,0.0,0,0.0,185
423,btc-updown-5m-1790787900,6,65,63,294.06,13.26,4.772,5.781,6.188,7.957,7.957,64,1.0,64,1.0,59,0.9219,23,0.3594,0,0.0,0,0.0,276
424,btc-updown-5m-1790788200,6,64,63,293.89,13.07,4.985,5.754,5.886,7.07,7.07,63,1.0,63,1.0,60,0.9524,29,0.4603,0,0.0,0,0.0,320.5
425,btc-updown-5m-1790788500,6,67,65,292.63,13.74,4.771,5.542,5.754,5.988,5.988,66,1.0,66,1.0,62,0.9394,23,0.3485,0,0.0,0,0.0,252
426,btc-updown-5m-1790788800,6,53,52,292.75,10.86,5.412,7.773,8.422,9.4,9.4,52,1.0,52,1.0,51,0.9808,32,0.6154,0,0.0,0,0.0,309
427,btc-updown-5m-1790789100,6,53,52,291.95,10.89,5.643,7.86,8.28,8.673,8.673,52,1.0,52,1.0,51,0.9808,37,0.7115,0,0.0,0,0.0,405
428,btc-updown-5m-1790789400,6,66,65,296.45,13.36,4.809,5.708,5.964,7.196,7.196,65,1.0,65,1.0,59,0.9077,24,0.3692,0,0.0,0,0.0,345.5
429,btc-updown-5m-1790789700,6,68,67,292.49,13.95,4.654,5.5,5.892,6.051,6.051,67,1.0,67,1.0,62,0.9254,19,0.2836,0,0.0,0,0.0,224.0
430,btc-updown-5m-1790790000,6,68,67,299.38,13.63,4.884,5.63,5.93,6.096,6.096,67,1.0,67,1.0,59,0.8806,24,0.3582,0,0.0,0,0.0,209.5
431,btc-updown-5m-1790790300,6,64,63,293.49,13.08,4.954,5.889,5.991,6.065,6.065,63,1.0,63,1.0,61,0.9683,24,0.381,0,0.0,0,0.0,357.5
432,btc-updown-5m-1790790600,6,57,56,294.48,11.61,5.444,5.983,6.036,6.168,6.168,56,1.0,56,1.0,56,1.0,42,0.75,0,0.0,0,0.0,355
433,btc-updown-5m-1790790900,6,56,55,295.78,11.36,5.523,6.057,6.165,6.25,6.25,55,1.0,55,1.0,53,0.9636,45,0.8182,0,0.0,0,0.0,389.5
434,btc-updown-5m-1790791200,6,56,55,292.27,11.5,5.498,6.047,6.154,6.252,6.252,55,1.0,55,1.0,54,0.9818,43,0.7818,0,0.0,0,0.0,387.0
435,btc-updown-5m-1790791500,6,56,55,294.37,11.41,5.477,6.02,6.2,7.756,7.756,55,1.0,55,1.0,54,0.9818,43,0.7818,0,0.0,0,0.0,347.5
436,btc-updown-5m-1790791800,6,65,63,298.57,13.06,4.975,5.962,6.078,6.356,6.356,64,1.0,64,1.0,59,0.9219,26,0.4062,0,0.0,0,0.0,367
437,btc-updown-5m-1790792100,6,61,60,294.73,12.42,5.022,6.01,6.058,6.14,6.14,60,1.0,60,1.0,57,0.95,34,0.5667,0,0.0,0,0.0,350
438,btc-updown-5m-1790792400,6,61,60,294.35,12.43,5.01,6.009,6.076,6.098,6.098,60,1.0,60,1.0,58,0.9667,32,0.5333,0,0.0,0,0.0,361
439,btc-updown-5m-1790792700,6,63,62,295.1,12.81,4.996,6.032,6.045,6.274,6.274,62,1.0,62,1.0,57,0.9194,30,0.4839,0,0.0,0,0.0,363
440,btc-updown-5m-1790793000,6,62,61,296.48,12.55,5.026,5.991,6.001,6.097,6.097,61,1.0,61,1.0,60,0.9836,34,0.5574,0,0.0,0,0.0,360.5
441,btc-updown-5m-1790793300,6,60,59,292.72,12.3,5.145,5.982,6.026,6.076,6.076,59,1.0,59,1.0,56,0.9492,36,0.6102,0,0.0,0,0.0,364.5
442,btc-updown-5m-1790793600,6,59,58,294.68,12.01,5.429,6.063,6.08,6.174,6.174,58,1.0,58,1.0,56,0.9655,37,0.6379,0,0.0,0,0.0,407
443,btc-updown-5m-1790793900,6,61,60,293.96,12.45,5.021,5.983,5.995,6.12,6.12,60,1.0,60,1.0,57,0.95,35,0.5833,0,0.0,0,0.0,379
444,btc-updown-5m-1790794200,6,63,62,292.56,12.92,5.005,5.639,5.983,6.057,6.057,62,1.0,62,1.0,58,0.9355,31,0.5,0,0.0,0,0.0,368
445,btc-updown-5m-1790794500,6,65,64,298.99,13.04,4.995,5.683,6.003,6.51,6.51,64,1.0,64,1.0,59,0.9219,29,0.4531,0,0.0,0,0.0,373
446,btc-updown-5m-1790794800,6,59,58,292.4,12.11,5.308,5.97,6.024,6.133,6.133,58,1.0,58,1.0,56,0.9655,38,0.6552,0,0.0,0,0.0,381
447,btc-updown-5m-1790795100,6,59,58,292.25,12.11,5.289,5.992,6.071,6.351,6.351,58,1.0,58,1.0,55,0.9483,38,0.6552,0,0.0,0,0.0,394
448,btc-updown-5m-1790795400,6,63,62,292.95,12.9,5.0,5.924,5.982,6.26,6.26,62,1.0,62,1.0,57,0.9194,30,0.4839,0,0.0,0,0.0,380
449,btc-updown-5m-1790795700,6,63,61,297.5,12.71,5.011,5.998,6.017,6.098,6.098,62,1.0,62,1.0,59,0.9516,32,0.5161,0,0.0,0,0.0,388
450,btc-updown-5m-1790796000,6,60,58,295.35,12.19,5.055,6.07,6.241,6.333,6.333,59,1.0,59,1.0,56,0.9492,35,0.5932,0,0.0,0,0.0,401.5
451,btc-updown-5m-1790796300,6,60,58,292.87,12.29,5.044,5.968,5.978,6.008,6.008,59,1.0,59,1.0,58,0.9831,38,0.6441,0,0.0,0,0.0,383.5
452,btc-updown-5m-1790796600,6,59,58,295.85,11.97,5.243,5.97,6.014,6.102,6.102,58,1.0,58,1.0,56,0.9655,40,0.6897,0,0.0,0,0.0,413
453,btc-updown-5m-1790796900,6,58,57,293.77,11.85,5.281,6.008,6.052,6.208,6.208,57,1.0,57,1.0,55,0.9649,40,0.7018,0,0.0,0,0.0,409.5
454,btc-updown-5m-1790797200,6,58,57,293.98,11.84,5.477,6.012,6.073,6.251,6.251,57,1.0,57,1.0,56,0.9825,41,0.7193,0,0.0,0,0.0,403.0
455,btc-updown-5m-1790797500,6,55,54,293.42,11.25,5.629,6.182,6.313,6.476,6.476,54,1.0,54,1.0,52,0.963,45,0.8333,0,0.0,0,0.0,438
456,btc-updown-5m-1790797800,6,63,62,295.46,12.79,5.0,5.901,6.014,6.092,6.092,62,1.0,62,1.0,55,0.8871,29,0.4677,0,0.0,0,0.0,407
457,btc-updown-5m-1790798100,6,61,60,296.85,12.33,5.047,6.017,6.053,6.118,6.118,60,1.0,60,1.0,57,0.95,36,0.6,0,0.0,0,0.0,417
458,btc-updown-5m-1790798400,6,58,57,295.6,11.77,5.18,5.978,6.071,7.027,7.027,57,1.0,57,1.0,56,0.9825,40,0.7018,0,0.0,0,0.0,417.0
459,btc-updown-5m-1790798700,6,58,57,293.2,11.87,5.25,6.288,6.323,6.932,6.932,57,1.0,57,1.0,54,0.9474,37,0.6491,0,0.0,0,0.0,430.0
460,btc-updown-5m-1790799000,6,61,60,294.47,12.43,5.025,5.995,6.021,6.097,6.097,60,1.0,60,1.0,58,0.9667,36,0.6,0,0.0,0,0.0,422
461,btc-updown-5m-1790799300,6,55,54,297.54,11.09,5.528,6.009,6.028,6.166,6.166,54,1.0,54,1.0,54,1.0,50,0.9259,0,0.0,0,0.0,430
462,btc-updown-5m-1790799600,6,59,58,289.84,12.21,5.058,6.016,6.04,6.42,6.42,58,1.0,58,1.0,56,0.9655,36,0.6207,0,0.0,0,0.0,423
463,btc-updown-5m-1790799900,6,60,59,299.22,12.03,5.14,6.022,6.184,6.348,6.348,59,1.0,59,1.0,55,0.9322,41,0.6949,0,0.0,0,0.0,439.0
464,btc-updown-5m-1790800200,6,55,52,290.77,11.35,5.524,6.053,6.158,6.386,6.386,54,1.0,54,1.0,52,0.963,45,0.8333,0,0.0,0,0.0,446
465,btc-updown-5m-1790800500,6,55,54,296.63,11.12,5.859,6.097,6.136,6.913,6.913,54,1.0,54,1.0,54,1.0,43,0.7963,0,0.0,0,0.0,466
466,btc-updown-5m-1790800800,6,53,52,292.44,10.87,5.839,6.133,6.732,7.946,7.946,52,1.0,52,1.0,52,1.0,44,0.8462,0,0.0,0,0.0,411
467,btc-updown-5m-1790801100,6,57,56,294.47,11.61,5.479,6.077,6.11,9.791,9.791,56,1.0,56,1.0,50,0.8929,42,0.75,0,0.0,0,0.0,370
468,btc-updown-5m-1790801400,6,59,57,296.96,11.92,5.115,6.354,6.854,8.862,8.862,58,1.0,58,1.0,57,0.9828,38,0.6552,0,0.0,0,0.0,364
469,btc-updown-5m-1790801700,6,52,51,292.32,10.67,5.684,6.12,6.626,8.392,8.392,51,1.0,51,1.0,51,1.0,50,0.9804,0,0.0,0,0.0,375.5
470,btc-updown-5m-1790802000,6,60,58,298.34,12.07,5.341,6.016,6.083,6.24,6.24,59,1.0,59,1.0,57,0.9661,39,0.661,0,0.0,0,0.0,392.0
471,btc-updown-5m-1790802300,6,52,51,294.09,10.61,5.86,7.13,7.883,8.264,8.264,51,1.0,51,1.0,51,1.0,39,0.7647,0,0.0,0,0.0,430.5
472,btc-updown-5m-1790802600,6,55,54,293.59,11.24,5.826,6.383,6.933,6.992,6.992,54,1.0,54,1.0,52,0.963,40,0.7407,0,0.0,0,0.0,500
473,btc-updown-5m-1790802900,6,57,56,290.31,11.78,5.416,6.08,6.116,6.3,6.3,56,1.0,56,1.0,54,0.9643,40,0.7143,0,0.0,0,0.0,446
474,btc-updown-5m-1790803200,6,56,53,294.93,11.39,5.507,6.048,6.127,6.694,6.694,55,1.0,55,1.0,53,0.9636,45,0.8182,0,0.0,0,0.0,425.0
475,btc-updown-5m-1790803500,6,51,49,294.95,10.37,5.92,6.479,6.681,7.076,7.076,50,1.0,50,1.0,50,1.0,50,1.0,0,0.0,0,0.0,430
476,btc-updown-5m-1790803800,6,54,53,293.66,11.03,5.58,6.073,6.162,6.918,6.918,53,1.0,53,1.0,53,1.0,49,0.9245,0,0.0,0,0.0,417.0
477,btc-updown-5m-1790804100,6,50,49,293.97,10.21,5.855,8.146,9.074,9.901,9.901,49,1.0,49,1.0,49,1.0,42,0.8571,0,0.0,0,0.0,416.0
478,btc-updown-5m-1790804400,6,54,53,296.88,10.91,5.526,6.936,7.958,9.125,9.125,53,1.0,53,1.0,50,0.9434,43,0.8113,0,0.0,0,0.0,426.5
479,btc-updown-5m-1790804700,6,57,56,290.57,11.77,5.44,6.117,6.319,6.454,6.454,56,1.0,56,1.0,53,0.9464,39,0.6964,0,0.0,0,0.0,453
480,btc-updown-5m-1790805000,6,57,56,297.37,11.5,5.505,6.067,6.287,6.547,6.547,56,1.0,56,1.0,55,0.9821,45,0.8036,0,0.0,0,0.0,479
481,btc-updown-5m-1790805300,6,55,53,291.82,11.31,5.753,6.146,6.224,6.26,6.26,54,1.0,54,1.0,53,0.9815,45,0.8333,0,0.0,0,0.0,471
482,btc-updown-5m-1790805600,6,54,53,296.45,10.93,5.822,6.137,6.208,6.365,6.365,53,1.0,53,1.0,53,1.0,48,0.9057,0,0.0,0,0.0,536.5
483,btc-updown-5m-1790805900,6,55,54,292.92,11.27,5.695,6.085,6.187,6.316,6.316,54,1.0,54,1.0,54,1.0,44,0.8148,0,0.0,0,0.0,517
484,btc-updown-5m-1790806200,6,54,53,294.34,11.01,5.796,6.214,6.272,6.418,6.418,53,1.0,53,1.0,53,1.0,47,0.8868,0,0.0,0,0.0,471.0
485,btc-updown-5m-1790806500,6,53,52,295.08,10.78,5.917,6.186,6.678,6.952,6.952,52,1.0,52,1.0,51,0.9808,46,0.8846,0,0.0,0,0.0,451
486,btc-updown-5m-1790806800,6,54,53,289.32,11.2,5.59,6.094,6.32,6.545,6.545,53,1.0,53,1.0,52,0.9811,43,0.8113,0,0.0,0,0.0,453.5
487,btc-updown-5m-1790807100,6,61,60,298.89,12.25,5.054,5.999,6.057,6.307,6.307,60,1.0,60,1.0,55,0.9167,38,0.6333,0,0.0,0,0.0,446
488,btc-updown-5m-1790807400,6,52,51,292.49,10.67,5.98,6.125,6.487,6.637,6.637,51,1.0,51,1.0,51,1.0,47,0.9216,0,0.0,0,0.0,464.5
489,btc-updown-5m-1790807700,6,53,52,293.34,10.84,5.807,6.294,6.473,6.485,6.485,52,1.0,52,1.0,52,1.0,47,0.9038,0,0.0,0,0.0,488
490,btc-updown-5m-1790808000,6,52,51,295.87,10.55,5.855,6.211,6.505,8.047,8.047,51,1.0,51,1.0,51,1.0,49,0.9608,0,0.0,0,0.0,465.5
491,btc-updown-5m-1790808300,6,51,50,294.34,10.4,5.978,6.137,6.282,6.548,6.548,50,1.0,50,1.0,50,1.0,50,1.0,0,0.0,0,0.0,555
492,btc-updown-5m-1790808600,6,47,46,293.03,9.62,6.231,7.655,7.733,7.815,7.815,46,1.0,46,1.0,46,1.0,44,0.9565,0,0.0,0,0.0,518
493,btc-updown-5m-1790808900,6,59,58,292.38,12.11,5.067,6.099,6.298,6.937,6.937,58,1.0,58,1.0,52,0.8966,36,0.6207,0,0.0,0,0.0,325
494,btc-updown-5m-1790809200,6,57,56,298.23,11.47,5.738,6.178,6.257,6.477,6.477,56,1.0,56,1.0,54,0.9643,41,0.7321,0,0.0,0,0.0,524
495,btc-updown-5m-1790809500,6,51,50,292.02,10.48,5.987,6.482,6.524,6.593,6.593,50,1.0,50,1.0,50,1.0,48,0.96,0,0.0,0,0.0,566
496,btc-updown-5m-1790809800,6,50,49,295.33,10.16,5.991,6.552,6.668,6.696,6.696,49,1.0,49,1.0,49,1.0,49,1.0,0,0.0,0,0.0,588.5
497,btc-updown-5m-1790810100,6,50,49,296.32,10.12,6.015,6.91,7.13,7.948,7.948,49,1.0,49,1.0,48,0.9796,47,0.9592,0,0.0,0,0.0,590.5
498,btc-updown-5m-1790810400,6,55,54,288.21,11.45,5.467,6.164,6.542,6.704,6.704,54,1.0,54,1.0,52,0.963,42,0.7778,0,0.0,0,0.0,483
499,btc-updown-5m-1790810700,6,56,55,297.79,11.28,5.894,6.063,6.146,6.463,6.463,55,1.0,55,1.0,54,0.9818,43,0.7818,0,0.0,0,0.0,499.5
500,btc-updown-5m-1790811000,6,1,0,0.0,0.0,0.0,0.0,0.0,0.0,0.0,0,0.0,0,0.0,0,0.0,0,0.0,0,0.0,0,0.0,1074
