feature_name,horizon_sec,total_count,non_null_count,coverage_pct,missing_count,missing_pct,mean,std,min,p10,p25,median,p75,p90,max,outlier_count_3sigma,outlier_pct_3sigma
ref_distance_to_beat_bps,OVERALL,1650,1650,100.0,0,0.0,0.3417,5.8259,-45.78,-5.64,-2.06,0.3,2.98,6.28,48.23,22,1.33
ref_distance_to_beat_bps,240,348,348,100.0,0,0.0,0.6375,4.1871,-15.13,-3.6,-1.6,0.41,2.27,4.72,26.44,7,2.01
ref_distance_to_beat_bps,180,483,483,100.0,0,0.0,0.4959,7.1294,-45.24,-6.8,-2.27,0.3,3.67,7.19,48.23,11,2.28
ref_distance_to_beat_bps,120,461,461,100.0,0,0.0,0.1307,6.8045,-45.78,-6.68,-2.86,0.48,4.32,7.52,20.58,5,1.08
ref_distance_to_beat_bps,60,265,265,100.0,0,0.0,0.0558,3.737,-10.84,-4.62,-2.08,0.05,2.7,4.92,14.16,1,0.38
ref_distance_to_beat_bps,30,93,93,100.0,0,0.0,0.2941,1.8574,-6.18,-1.52,-0.56,0.13,1.12,2.16,8.08,2,2.15
ref_return_10s_bps,OVERALL,1650,1650,100.0,0,0.0,-0.0059,0.8084,-7.68,-0.8,-0.34,0.01,0.34,0.81,5.89,26,1.58
ref_return_10s_bps,240,348,348,100.0,0,0.0,0.088,0.9538,-3.92,-0.76,-0.32,0.04,0.39,0.91,5.89,8,2.3
ref_return_10s_bps,180,483,483,100.0,0,0.0,-0.0203,0.8849,-7.68,-0.84,-0.32,0.02,0.4,0.81,4.14,9,1.86
ref_return_10s_bps,120,461,461,100.0,0,0.0,-0.0423,0.7498,-4.57,-0.81,-0.37,0.0,0.34,0.77,2.69,7,1.52
ref_return_10s_bps,60,265,265,100.0,0,0.0,-0.0516,0.5379,-1.93,-0.71,-0.35,-0.01,0.22,0.63,1.48,2,0.75
ref_return_10s_bps,30,93,93,100.0,0,0.0,0.0277,0.6996,-2.09,-0.86,-0.33,0.07,0.4,0.9,1.53,1,1.08
ref_return_30s_bps,OVERALL,1650,1650,100.0,0,0.0,0.0019,2.2786,-20.34,-2.25,-0.96,0.02,1.02,2.43,13.98,24,1.45
ref_return_30s_bps,240,348,348,100.0,0,0.0,0.325,2.5289,-9.39,-2.24,-0.88,0.21,1.31,2.58,13.98,9,2.59
ref_return_30s_bps,180,483,483,100.0,0,0.0,-0.0511,2.5491,-20.34,-2.34,-0.97,0.02,1.1,2.53,12.49,10,2.07
ref_return_30s_bps,120,461,461,100.0,0,0.0,-0.0871,2.1639,-16.06,-2.25,-0.96,0.01,0.99,2.33,7.05,6,1.3
ref_return_30s_bps,60,265,265,100.0,0,0.0,-0.1894,1.5799,-6.12,-2.06,-0.96,-0.09,0.5,1.67,5.09,4,1.51
ref_return_30s_bps,30,93,93,100.0,0,0.0,0.0532,1.9408,-6.61,-2.32,-1.21,0.08,1.16,2.54,3.99,1,1.08
ref_return_60s_bps,OVERALL,1650,1650,100.0,0,0.0,0.0278,4.1207,-28.81,-4.06,-1.68,0.05,1.94,4.28,26.58,25,1.52
ref_return_60s_bps,240,348,348,100.0,0,0.0,0.6421,4.229,-15.26,-3.66,-1.6,0.41,2.32,4.75,26.58,7,2.01
ref_return_60s_bps,180,483,483,100.0,0,0.0,-0.0002,4.6517,-28.81,-4.68,-1.98,0.07,2.24,4.59,22.36,10,2.07
ref_return_60s_bps,120,461,461,100.0,0,0.0,-0.091,4.2127,-28.7,-3.93,-1.47,0.15,2.06,4.32,12.11,7,1.52
ref_return_60s_bps,60,265,265,100.0,0,0.0,-0.4357,2.9413,-12.0,-4.0,-1.68,-0.36,0.86,2.65,11.88,3,1.13
ref_return_60s_bps,30,93,93,100.0,0,0.0,-0.2152,2.7917,-8.65,-4.14,-1.6,-0.01,1.17,3.15,5.81,1,1.08
binance_return_since_open_bps,OVERALL,1650,1650,100.0,0,0.0,0.1331,6.8474,-44.783,-6.814,-2.893,0.238,3.416,6.846,54.067,26,1.58
binance_return_since_open_bps,240,348,348,100.0,0,0.0,0.3817,5.9996,-27.086,-5.772,-2.482,0.296,3.026,6.159,28.93,6,1.72
binance_return_since_open_bps,180,483,483,100.0,0,0.0,0.3588,8.2143,-43.085,-7.629,-2.979,0.574,4.325,7.904,54.067,9,1.86
binance_return_since_open_bps,120,461,461,100.0,0,0.0,-0.196,7.6632,-44.783,-8.841,-3.436,0.177,4.108,7.909,21.987,6,1.3
binance_return_since_open_bps,60,265,265,100.0,0,0.0,0.0441,3.9748,-14.364,-4.993,-2.298,0.139,2.365,4.51,13.207,2,0.75
binance_return_since_open_bps,30,93,93,100.0,0,0.0,-0.084,3.3245,-8.725,-3.701,-1.912,-0.048,1.252,3.397,12.414,1,1.08
binance_return_10s_bps,OVERALL,1650,96,5.82,1554,94.18,-4.1213,46.3344,-149.649,-47.509,-29.037,0.69,32.186,41.162,59.88,3,3.12
binance_return_10s_bps,240,348,23,6.61,325,93.39,-3.1047,37.745,-105.133,-44.153,-24.999,0.006,17.402,34.611,52.429,0,0.0
binance_return_10s_bps,180,483,28,5.8,455,94.2,-4.456,48.823,-145.795,-93.161,-29.037,1.119,24.068,46.46,59.88,0,0.0
binance_return_10s_bps,120,461,25,5.42,436,94.58,-7.9717,53.0501,-148.63,-100.459,-29.946,0.563,32.781,40.07,46.513,0,0.0
binance_return_10s_bps,60,265,14,5.28,251,94.72,-4.4646,51.2388,-149.649,-42.557,-35.331,1.155,30.558,38.079,48.739,0,0.0
binance_return_10s_bps,30,93,6,6.45,87,93.55,10.3878,31.3501,-41.147,-41.147,-1.119,-1.027,25.356,39.102,41.162,0,0.0
binance_return_30s_bps,OVERALL,1650,96,5.82,1554,94.18,-4.1469,46.3545,-149.649,-47.509,-29.037,1.109,32.186,41.162,59.88,3,3.12
binance_return_30s_bps,240,348,23,6.61,325,93.39,-3.146,37.7321,-105.133,-44.153,-24.999,-0.517,17.402,34.611,52.429,0,0.0
binance_return_30s_bps,180,483,28,5.8,455,94.2,-4.759,48.807,-145.795,-93.161,-29.037,1.109,24.068,46.46,59.88,0,0.0
binance_return_30s_bps,120,461,25,5.42,436,94.58,-7.5997,53.1612,-148.63,-100.459,-29.946,5.682,32.781,40.07,46.513,0,0.0
binance_return_30s_bps,60,265,14,5.28,251,94.72,-4.42,51.2544,-149.649,-42.557,-35.331,0.214,30.558,38.079,48.739,0,0.0
binance_return_30s_bps,30,93,6,6.45,87,93.55,9.8965,31.6149,-41.147,-41.147,-5.088,-0.006,25.356,39.102,41.162,0,0.0
binance_return_60s_bps,OVERALL,1650,96,5.82,1554,94.18,-4.2556,46.3762,-149.649,-47.509,-29.037,2.119,32.186,41.162,59.88,3,3.12
binance_return_60s_bps,240,348,23,6.61,325,93.39,-2.9406,37.7458,-105.133,-44.153,-24.999,0.969,17.402,34.611,52.429,0,0.0
binance_return_60s_bps,180,483,28,5.8,455,94.2,-5.2323,48.7967,-145.795,-93.161,-29.037,-2.033,24.068,46.46,59.88,0,0.0
binance_return_60s_bps,120,461,25,5.42,436,94.58,-7.8837,53.154,-148.63,-100.459,-29.946,4.777,32.781,40.07,46.513,0,0.0
binance_return_60s_bps,60,265,14,5.28,251,94.72,-3.7701,51.3384,-149.649,-42.557,-35.331,1.896,30.558,38.079,48.739,0,0.0
binance_return_60s_bps,30,93,6,6.45,87,93.55,9.2453,32.0096,-41.147,-41.147,-8.752,-0.249,25.356,39.102,41.162,0,0.0
binance_taker_flow_10s_imbalance,OVERALL,1650,96,5.82,1554,94.18,-0.0574,0.2923,-0.9827,-0.499,0.0,0.0,0.0,0.0,0.9707,4,4.17
binance_taker_flow_10s_imbalance,240,348,23,6.61,325,93.39,-0.0411,0.2813,-0.5925,-0.499,0.0,0.0,0.0,0.0,0.9037,1,4.35
binance_taker_flow_10s_imbalance,180,483,28,5.8,455,94.2,-0.0776,0.2066,-0.974,-0.3066,0.0,0.0,0.0,0.0,0.0,1,3.57
binance_taker_flow_10s_imbalance,120,461,25,5.42,436,94.58,-0.0882,0.3101,-0.7462,-0.7241,0.0,0.0,0.0,0.0,0.7512,0,0.0
binance_taker_flow_10s_imbalance,60,265,14,5.28,251,94.72,-0.0208,0.4271,-0.9827,-0.6039,0.0,0.0,0.0,0.0,0.9707,0,0.0
binance_taker_flow_10s_imbalance,30,93,6,6.45,87,93.55,0.0171,0.3009,-0.4227,-0.4227,0.0,0.0,0.0,0.0,0.5251,0,0.0
binance_taker_flow_30s_imbalance,OVERALL,1650,96,5.82,1554,94.18,-0.0432,0.2318,-0.832,-0.323,0.0,0.0,0.0,0.0,0.6541,4,4.17
binance_taker_flow_30s_imbalance,240,348,23,6.61,325,93.39,-0.0377,0.1609,-0.4744,-0.2914,0.0,0.0,0.0,0.0,0.3928,0,0.0
binance_taker_flow_30s_imbalance,180,483,28,5.8,455,94.2,-0.0513,0.1967,-0.7927,-0.2892,0.0,0.0,0.0,0.0,0.2245,1,3.57
binance_taker_flow_30s_imbalance,120,461,25,5.42,436,94.58,-0.0506,0.2875,-0.832,-0.4134,0.0,0.0,0.0,0.0,0.586,0,0.0
binance_taker_flow_30s_imbalance,60,265,14,5.28,251,94.72,-0.0062,0.299,-0.6483,-0.4401,0.0,0.0,0.0,0.0,0.6541,0,0.0
binance_taker_flow_30s_imbalance,30,93,6,6.45,87,93.55,-0.0812,0.2507,-0.5864,-0.5864,0.0,0.0,0.0,0.0,0.0993,0,0.0
binance_taker_flow_60s_imbalance,OVERALL,1650,96,5.82,1554,94.18,-0.0445,0.2025,-0.7395,-0.3598,0.0,0.0,0.0,0.0,0.5358,3,3.12
binance_taker_flow_60s_imbalance,240,348,23,6.61,325,93.39,-0.0268,0.16,-0.4976,-0.1314,0.0,0.0,0.0,0.0,0.2603,0,0.0
binance_taker_flow_60s_imbalance,180,483,28,5.8,455,94.2,-0.0741,0.1805,-0.7395,-0.3598,0.0,0.0,0.0,0.0,0.0355,1,3.57
binance_taker_flow_60s_imbalance,120,461,25,5.42,436,94.58,-0.0512,0.2466,-0.7283,-0.4399,0.0,0.0,0.0,0.0,0.5358,0,0.0
binance_taker_flow_60s_imbalance,60,265,14,5.28,251,94.72,0.0044,0.2248,-0.5334,-0.1916,0.0,0.0,0.0,0.0,0.5092,0,0.0
binance_taker_flow_60s_imbalance,30,93,6,6.45,87,93.55,-0.0596,0.2321,-0.5154,-0.5154,0.0,0.0,0.0,0.0,0.158,0,0.0
binance_microprice_offset_bps,OVERALL,1650,1650,100.0,0,0.0,0.0001,0.0034,-0.024,-0.005,-0.003,-0.0,0.003,0.005,0.012,3,0.18
binance_microprice_offset_bps,240,348,348,100.0,0,0.0,0.0001,0.0037,-0.024,-0.005,-0.003,-0.0,0.003,0.005,0.012,2,0.57
binance_microprice_offset_bps,180,483,483,100.0,0,0.0,0.0001,0.0034,-0.006,-0.005,-0.003,-0.0,0.003,0.005,0.006,0,0.0
binance_microprice_offset_bps,120,461,461,100.0,0,0.0,-0.0,0.0033,-0.006,-0.004,-0.003,0.0,0.003,0.005,0.012,1,0.22
binance_microprice_offset_bps,60,265,265,100.0,0,0.0,0.0002,0.0033,-0.006,-0.004,-0.002,-0.0,0.003,0.004,0.006,0,0.0
binance_microprice_offset_bps,30,93,93,100.0,0,0.0,0.0,0.0034,-0.006,-0.004,-0.003,0.0,0.003,0.004,0.006,0,0.0
binance_top5_depth_imbalance,OVERALL,1650,1650,100.0,0,0.0,0.0175,0.564,-0.9995,-0.7649,-0.4606,0.0171,0.5032,0.798,0.9996,0,0.0
binance_top5_depth_imbalance,240,348,348,100.0,0,0.0,0.0289,0.583,-0.9991,-0.797,-0.4608,0.0347,0.5341,0.8389,0.9977,0,0.0
binance_top5_depth_imbalance,180,483,483,100.0,0,0.0,0.0203,0.5729,-0.9995,-0.7814,-0.4769,0.0296,0.5096,0.7957,0.9989,0,0.0
binance_top5_depth_imbalance,120,461,461,100.0,0,0.0,0.0009,0.5521,-0.9937,-0.7365,-0.4678,-0.006,0.4558,0.7518,0.9978,0,0.0
binance_top5_depth_imbalance,60,265,265,100.0,0,0.0,0.035,0.5451,-0.9654,-0.6898,-0.4173,-0.005,0.4979,0.745,0.9996,0,0.0
binance_top5_depth_imbalance,30,93,93,100.0,0,0.0,-0.0069,0.5659,-0.9821,-0.7683,-0.4775,0.0126,0.5114,0.7526,0.9752,0,0.0
binance_top20_depth_imbalance,OVERALL,1650,1650,100.0,0,0.0,0.0151,0.5588,-0.9956,-0.7609,-0.4543,0.0269,0.4997,0.7931,0.9964,0,0.0
binance_top20_depth_imbalance,240,348,348,100.0,0,0.0,0.0235,0.5728,-0.9956,-0.7853,-0.4401,0.0532,0.5314,0.8186,0.9964,0,0.0
binance_top20_depth_imbalance,180,483,483,100.0,0,0.0,0.0184,0.5675,-0.9924,-0.7712,-0.4959,0.0516,0.4891,0.7902,0.9861,0,0.0
binance_top20_depth_imbalance,120,461,461,100.0,0,0.0,0.0031,0.551,-0.9927,-0.7497,-0.4428,0.01,0.4555,0.7819,0.9861,0,0.0
binance_top20_depth_imbalance,60,265,265,100.0,0,0.0,0.0294,0.5365,-0.9749,-0.6803,-0.4087,0.0183,0.5118,0.7453,0.9809,0,0.0
binance_top20_depth_imbalance,30,93,93,100.0,0,0.0,-0.0144,0.5706,-0.9794,-0.7842,-0.4512,-0.0468,0.5335,0.7464,0.9756,0,0.0
binance_spread_bps,OVERALL,1650,1650,100.0,0,0.0,0.012,0.001,0.012,0.012,0.012,0.012,0.012,0.012,0.048,4,0.24
binance_spread_bps,240,348,348,100.0,0,0.0,0.0121,0.002,0.012,0.012,0.012,0.012,0.012,0.012,0.048,2,0.57
binance_spread_bps,180,483,483,100.0,0,0.0,0.012,0.0,0.012,0.012,0.012,0.012,0.012,0.012,0.012,0,0.0
binance_spread_bps,120,461,461,100.0,0,0.0,0.012,0.0006,0.012,0.012,0.012,0.012,0.012,0.012,0.024,1,0.22
binance_spread_bps,60,265,265,100.0,0,0.0,0.012,0.0007,0.012,0.012,0.012,0.012,0.012,0.012,0.024,1,0.38
binance_spread_bps,30,93,93,100.0,0,0.0,0.012,0.0,0.012,0.012,0.012,0.012,0.012,0.012,0.012,0,0.0
binance_basis_bps,OVERALL,1650,1650,100.0,0,0.0,-2.7186,3.4105,-26.856,-6.601,-4.226,-2.597,-1.023,1.034,16.484,22,1.33
binance_basis_bps,240,348,348,100.0,0,0.0,-2.6086,3.9523,-19.062,-7.616,-4.345,-2.618,-0.764,1.146,14.041,7,2.01
binance_basis_bps,180,483,483,100.0,0,0.0,-2.5629,3.69,-26.856,-6.773,-4.027,-2.348,-0.679,1.437,16.484,7,1.45
binance_basis_bps,120,461,461,100.0,0,0.0,-2.8996,3.1382,-21.276,-6.463,-4.294,-2.698,-1.409,0.655,9.054,11,2.39
binance_basis_bps,60,265,265,100.0,0,0.0,-2.6833,2.6674,-10.389,-5.886,-4.216,-2.572,-1.084,0.438,5.183,0,0.0
binance_basis_bps,30,93,93,100.0,0,0.0,-3.1419,2.8372,-13.821,-6.594,-4.541,-2.819,-1.68,-0.208,3.107,1,1.08
poly_spread,OVERALL,1650,1649,99.94,1,0.06,0.0105,0.0037,0.001,0.01,0.01,0.01,0.01,0.01,0.09,16,0.97
poly_spread,240,348,348,100.0,0,0.0,0.0103,0.0025,0.01,0.01,0.01,0.01,0.01,0.01,0.04,8,2.3
poly_spread,180,483,483,100.0,0,0.0,0.0102,0.002,0.01,0.01,0.01,0.01,0.01,0.01,0.04,9,1.86
poly_spread,120,461,460,99.78,1,0.22,0.0102,0.0023,0.001,0.01,0.01,0.01,0.01,0.01,0.04,15,3.26
poly_spread,60,265,265,100.0,0,0.0,0.0113,0.0074,0.001,0.01,0.01,0.01,0.01,0.01,0.09,6,2.26
poly_spread,30,93,93,100.0,0,0.0,0.0108,0.0034,0.01,0.01,0.01,0.01,0.01,0.01,0.03,2,2.15
seconds_remaining,OVERALL,1650,1650,100.0,0,0.0,147.752,65.6051,28.83,59.79,119.68,178.8,179.83,239.01,239.84,0,0.0
seconds_remaining,240,348,348,100.0,0,0.0,238.9519,0.7961,236.54,237.89,238.36,238.97,239.78,239.82,239.84,1,0.29
seconds_remaining,180,483,483,100.0,0,0.0,179.7575,0.1785,178.44,179.66,179.78,179.81,179.83,179.83,179.85,15,3.11
seconds_remaining,120,461,461,100.0,0,0.0,119.7581,0.1816,117.75,119.64,119.78,119.81,119.82,119.83,119.85,11,2.39
seconds_remaining,60,265,265,100.0,0,0.0,59.7643,0.1706,58.27,59.65,59.78,59.81,59.83,59.84,59.85,6,2.26
seconds_remaining,30,93,93,100.0,0,0.0,29.7485,0.1725,28.83,29.65,29.76,29.8,29.82,29.83,29.85,4,4.3
