feature_index,feature_name,category,stationarity,v2_mean,v2_std,v3_mean,v3_std,v3_min,v3_max,v3_shift_sigma,max_abs_z,coef_delta_q,mean_bias_delta_q,coef_delta_logit,mean_bias_delta_logit,var_contrib_delta_q
0,poly_midpoint,Polymarket Controls,STATIONARY,0.4844924949159108,0.3483705279016169,0.5550906228987101,0.31742103753533985,0.0015,0.9995,0.20265241267119166,1.4783325908371105,-0.0020773078677984343,-0.00042097145127020156,0.03382749869901736,0.006855224225987466,3.582534096486581e-06
1,poly_spread,Polymarket Controls,STATIONARY,0.009040930953226379,0.005278144635460208,0.010276820099028057,0.004682354026084079,0.001,0.26,0.23415219384072822,47.54683442373916,0.00024147844826946416,5.654270842754983e-05,-0.012399580419463603,-0.0029033889579219395,4.589048768717202e-08
2,seconds_remaining,Polymarket Controls,STATIONARY,150.003873591788,85.33536614236128,162.16151659636898,79.94589558187502,3.0,299.0,0.14246898506650715,1.746006763006656,0.00013343169037973192,1.9009877504108832e-05,0.004712316847982935,0.0006713589986439308,1.5626157860906408e-08
3,poly_return_1s,Polymarket Controls,STATIONARY,4.039833435553117e-05,0.02588988481037554,1.2424353566843939e-05,0.011681664619654763,-0.3695,0.385,-0.0010804984646929166,14.869112183587987,0.001061973777648308,-1.1474610362931337e-06,0.003935837431684503,-4.252666302216017e-06,2.296026081765715e-07
4,poly_return_2s,Polymarket Controls,STATIONARY,8.678459601665644e-05,0.017743982402725577,3.705911119261568e-06,0.005724663417483288,-0.27,0.12,-0.004682076605567052,15.221317202981997,-0.00048119578018528293,2.2529955051030987e-06,-0.00755329888263033,3.536512399321922e-05,2.4101348292689138e-08
5,poly_return_3s,Polymarket Controls,STATIONARY,-4.009167500564899e-05,0.011723553603654669,2.2296595146402593e-05,0.0029596002914314898,-0.06,0.16,0.005321617681911978,13.651158777072098,-0.00031689462125750737,-1.6863920197867507e-06,-0.00044307146278317296,-2.357856930697538e-06,6.3999607646449285e-09
6,poly_return_5s,Polymarket Controls,STATIONARY,-9.574227702637271e-05,0.006121204236290199,4.8856898343419525e-05,0.0012742088641504487,-0.04,0.07,0.023622667989498032,11.451299380186736,-0.0003839579833576546,-9.070111962775087e-06,-0.004272437416292405,-0.00010092637059098427,6.388147093148409e-09
7,poly_return_10s,Polymarket Controls,STATIONARY,-7.792375480163983e-05,0.003112779949504755,2.703404853597408e-05,0.0004698875681564993,-0.03,0.02,0.033718349848119764,9.612653875504106,-0.00011404972224470097,-3.8455684347277145e-06,-0.0016116999388242576,-5.434386238746954e-05,2.964009103580085e-10
8,poly_return_30s,Polymarket Controls,STATIONARY,-7.101584944639918e-06,0.0008384355652517726,-8.252338162479369e-06,0.0008617735682019765,-0.09,0.0,-0.0013725004824835802,107.33430467972994,9.743783202337947e-05,-1.3373347146424236e-07,5.7285232794010425e-05,-7.862400964896353e-08,1.0030028787942397e-08
9,binance_mid_price,Binance Microstructure,NON_STATIONARY,83395.82942154363,336.254708909624,85631.70601427348,761.9304790040002,84454.35,87212.15,6.649353997093892,11.349493337451174,-0.0001330283579155662,-0.0008845526434327071,-0.002539236271693285,-0.016884280852749536,9.086202344913518e-08
10,binance_microprice_offset_bps,Binance Microstructure,STATIONARY,-5.842667613544659e-06,0.0037199746136439157,-0.00013090653462925606,0.005189851224900301,-0.773,0.125,-0.03361954851976923,207.79554637207514,0.0099056353379229,-0.00033302298786243957,0.07099811750078391,-0.0023869246561298817,0.00019098292318386285
11,binance_spread_bps,Binance Microstructure,STATIONARY,0.012029407017657123,0.0019846095120925867,0.012142658475456935,0.008498659123317466,0.011,1.639,0.057064856894895544,819.7938098497035,-0.00013286018133948217,-7.581647235167421e-06,-0.00031564803228333174,-1.8012409791403694e-05,3.2369826017310416e-07
12,binance_return_since_open_bps,Binance Microstructure,NON_STATIONARY,-0.10576438877949579,6.447110713061766,1.88039563848646,8.672550302758856,-32.772,72.973,0.3080697874851164,11.335118573460019,0.0015407164620065217,0.0004746481930251695,-0.0026839655175425964,-0.0008268486866067281,4.295451743590461e-06
13,binance_return_1s_bps,Binance Microstructure,STATIONARY,-0.0021325091190806675,0.46865687509017834,0.0032160125924567515,0.6836289718979046,-18.69,20.759,0.011412446921872776,44.29921678866708,0.0024312711123386866,2.7746752522247842e-05,0.015946359791095217,0.0001819869847129604,1.2577598130633107e-05
14,binance_return_2s_bps,Binance Microstructure,STATIONARY,-0.0015267762032344487,0.6509720171987433,0.006535378079344703,1.0053495970195627,-31.796,26.333,0.012384793922897236,48.84153601657786,-0.0009426518540820905,-1.1674548953843686e-05,-0.0075320407726713985,-9.328277278839494e-05,2.1193965735970373e-06
15,binance_return_3s_bps,Binance Microstructure,STATIONARY,-0.0030992607895671256,0.8103636153334094,0.010753728834280824,1.256824802321113,-36.3,30.198,0.017094782344279347,44.790881589959746,0.00043548293676561034,7.444486018655675e-06,0.00689472472376299,0.00011786381847644987,4.561754450656825e-07
16,binance_return_5s_bps,Binance Microstructure,STATIONARY,-0.0018199425417218112,1.089348066610281,0.02041735436151354,1.6724476723960813,-48.648,47.304,0.020413399155727183,44.656232060731845,-0.0010895157202792792,-2.2240719284500533e-05,-0.003845132600293334,-7.849222657648702e-05,2.7979422401673964e-06
17,binance_return_10s_bps,Binance Microstructure,STATIONARY,-0.006014816488589045,1.601529639288389,0.04631835686777921,2.3906209051918568,-35.124,53.233,0.03267699333970588,33.24260351506475,-5.989667841033195e-05,-1.9572433614849223e-06,-0.00199628776187567,-6.523268189894763e-05,7.99386745689898e-09
18,binance_return_30s_bps,Binance Microstructure,STATIONARY,-0.021281222763807738,2.8734500554584135,0.16866738492572897,4.1524295960342466,-55.881,55.258,0.06610471872608671,19.439947693235496,0.0005417613166209738,3.5812979451903875e-05,0.006301291517111031,0.0004165451033497009,6.12933323670204e-07
19,binance_return_60s_bps,Binance Microstructure,STATIONARY,-0.03571858355660285,4.13141761094026,0.3169222904823033,5.904341093199451,-52.699,65.38,0.08535590135092865,15.833722161209643,-0.00011536674011654121,-9.847232088565713e-06,-0.008191318096810788,-0.0006991773394054582,2.71835346286572e-08
20,binance_top1_depth_imbalance,Binance Microstructure,STATIONARY,0.00031131088802091735,0.6082629724374863,-0.016965470077633108,0.5965427513485007,-0.9999,0.9999,-0.028403473084052687,1.6443731678748812,-0.0066889765281589126,0.00018999016477742187,-0.06673334515135076,0.0018954587728151893,4.303479415892937e-05
21,binance_top5_depth_imbalance,Binance Microstructure,STATIONARY,-0.004866577358855999,0.6061881660720752,-0.013962858365425759,0.5946111192055876,-0.9998,0.9997,-0.015005705349728357,1.6571860580323736,-0.0027619351773872686,4.1444785466923076e-05,-0.0029225122928691234,4.385435834775309e-05,7.339696595783693e-06
22,binance_top20_depth_imbalance,Binance Microstructure,STATIONARY,-0.005222796087672294,0.5873250685976886,-0.014104037532856531,0.5817822149381136,-0.9986,0.9982,-0.015121509228933992,1.7084623996783732,0.0026807224803807005,-4.0536569727287584e-05,0.020626829334159585,-0.00031190879014014055,7.051272815754218e-06
