feature_index,feature_name,stationarity,min_z,max_z,max_abs_z,excursions_gt_5sigma_count,excursions_gt_5sigma_pct,excursions_gt_10sigma_count,excursions_gt_10sigma_pct,excursions_gt_50sigma_count,excursions_gt_50sigma_pct
0,poly_midpoint,STATIONARY,-1.3864332836224091,1.4783325908371105,1.4783325908371105,0,0.0,0,0.0,0,0.0
1,poly_spread,STATIONARY,-1.5234389181389454,47.54683442373916,47.54683442373916,320,0.48902744666544407,71,0.10850296472889541,0,0.0
2,seconds_remaining,STATIONARY,-1.7226606064658798,1.746006763006656,1.746006763006656,0,0.0,0,0.0,0,0.0
3,poly_return_1s,STATIONARY,-14.273543549574226,14.869112183587987,14.869112183587987,31,0.0473745338957149,5,0.0076410538541475635,0,0.0
4,poly_return_2s,STATIONARY,-15.221317202981997,6.757965189683911,15.221317202981997,14,0.02139495079161318,1,0.0015282107708295127,0,0.0
5,poly_return_3s,STATIONARY,-5.114482378986403,13.651158777072098,13.651158777072098,5,0.0076410538541475635,2,0.0030564215416590255,0,0.0
6,poly_return_5s,STATIONARY,-6.519020797639306,11.451299380186736,11.451299380186736,5,0.0076410538541475635,1,0.0015282107708295127,0,0.0
7,poly_return_10s,STATIONARY,-9.612653875504106,6.45015840518892,9.612653875504106,3,0.0045846323124885385,0,0.0,0,0.0
8,poly_return_30s,STATIONARY,-107.33430467972994,0.008470042587598718,107.33430467972994,6,0.009169264624977077,6,0.009169264624977077,6,0.009169264624977077
9,binance_mid_price,NON_STATIONARY,3.147972505392852,11.349493337451174,11.349493337451174,43999,67.23974570572774,2202,3.3651201173665872,0,0.0
10,binance_microprice_offset_bps,STATIONARY,-207.79554637207514,33.60395047028657,207.79554637207514,46,0.07029769545815759,31,0.0473745338957149,3,0.0045846323124885385
11,binance_spread_bps,STATIONARY,-0.5186949933398785,819.7938098497035,819.7938098497035,81,0.12378507243719053,63,0.09627727856225932,25,0.03820526927073782
12,binance_return_since_open_bps,NON_STATIONARY,-5.066802334422319,11.335118573460019,11.335118573460019,623,0.9520753102267864,10,0.015282107708295127,0,0.0
13,binance_return_1s_bps,STATIONARY,-39.87537254688738,44.29921678866708,44.29921678866708,971,1.483892658475457,120,0.18338529249954152,0,0.0
14,binance_return_2s_bps,STATIONARY,-48.84153601657786,40.45416097841766,48.84153601657786,993,1.517513295433706,116,0.17727244941622347,0,0.0
15,binance_return_3s_bps,STATIONARY,-44.790881589959746,37.2685775734932,44.790881589959746,919,1.4044256983923222,97,0.14823644477046274,0,0.0
16,binance_return_5s_bps,STATIONARY,-44.656232060731845,43.4258079602996,44.656232060731845,811,1.239378935142735,85,0.12989791552050858,0,0.0
17,binance_return_10s_bps,STATIONARY,-21.92777724620536,33.24260351506475,33.24260351506475,665,1.0162601626016259,88,0.13448254783299712,0,0.0
18,binance_return_30s_bps,STATIONARY,-19.439947693235496,19.237947469368798,19.439947693235496,510,0.7793874931230516,102,0.1558774986246103,0,0.0
19,binance_return_60s_bps,STATIONARY,-12.747024478229369,15.833722161209643,15.833722161209643,520,0.7946696008313466,85,0.12989791552050858,0,0.0
20,binance_top1_depth_imbalance,STATIONARY,-1.6443731678748812,1.6433495616317677,1.6443731678748812,0,0.0,0,0.0,0,0.0
21,binance_top5_depth_imbalance,STATIONARY,-1.6412946974666731,1.6571860580323736,1.6571860580323736,0,0.0,0,0.0,0,0.0
22,binance_top20_depth_imbalance,STATIONARY,-1.6913584265765105,1.7084623996783732,1.7084623996783732,0,0.0,0,0.0,0,0.0
